--
-- PostgreSQL database dump
--

-- Dumped from database version 10.4 (Ubuntu 10.4-0ubuntu0.18.04)
-- Dumped by pg_dump version 10.4 (Ubuntu 10.4-0ubuntu0.18.04)

SET statement_timeout = 0;
SET lock_timeout = 0;
-- ~ SET idle_in_transaction_session_timeout = 0;
SET client_encoding = 'UTF8';
SET standard_conforming_strings = on;
SELECT pg_catalog.set_config('search_path', '', false);
SET check_function_bodies = false;
SET client_min_messages = warning;
SET row_security = off;

--
-- Name: plpgsql; Type: EXTENSION; Schema: -; Owner: 
--

CREATE EXTENSION IF NOT EXISTS plpgsql WITH SCHEMA pg_catalog;


--
-- Name: EXTENSION plpgsql; Type: COMMENT; Schema: -; Owner: 
--

COMMENT ON EXTENSION plpgsql IS 'PL/pgSQL procedural language';


--
-- Name: adminpack; Type: EXTENSION; Schema: -; Owner: 
--

CREATE EXTENSION IF NOT EXISTS adminpack WITH SCHEMA pg_catalog;


--
-- Name: EXTENSION adminpack; Type: COMMENT; Schema: -; Owner: 
--

COMMENT ON EXTENSION adminpack IS 'administrative functions for PostgreSQL';


--
-- Name: postgis; Type: EXTENSION; Schema: -; Owner: 
--

CREATE EXTENSION IF NOT EXISTS postgis WITH SCHEMA public;


--
-- Name: EXTENSION postgis; Type: COMMENT; Schema: -; Owner: 
--

COMMENT ON EXTENSION postgis IS 'PostGIS geometry, geography, and raster spatial types and functions';


SET default_tablespace = '';

SET default_with_oids = false;

--
-- Name: error; Type: TABLE; Schema: public; Owner: crimegis
--

CREATE TABLE public.error (
    id integer NOT NULL,
    id_jenis_kriminalitas integer,
    error numeric
);


ALTER TABLE public.error OWNER TO crimegis;

--
-- Name: error_id_seq; Type: SEQUENCE; Schema: public; Owner: crimegis
--

CREATE SEQUENCE public.error_id_seq
    -- AS integer
    START WITH 1
    INCREMENT BY 1
    NO MINVALUE
    NO MAXVALUE
    CACHE 1;


ALTER TABLE public.error_id_seq OWNER TO crimegis;

--
-- Name: error_id_seq; Type: SEQUENCE OWNED BY; Schema: public; Owner: crimegis
--

ALTER SEQUENCE public.error_id_seq OWNED BY public.error.id;


--
-- Name: features; Type: TABLE; Schema: public; Owner: crimegis
--

CREATE TABLE public.features (
    id integer NOT NULL,
    id_jenis_lokasi integer NOT NULL,
    nama character varying(40),
    waktu_input timestamp without time zone,
    lokasi public.geometry(Point,4326),
    keterangan character varying(200)
);


ALTER TABLE public.features OWNER TO crimegis;

--
-- Name: features_id_seq; Type: SEQUENCE; Schema: public; Owner: crimegis
--

CREATE SEQUENCE public.features_id_seq
    -- AS integer
    START WITH 1
    INCREMENT BY 1
    NO MINVALUE
    NO MAXVALUE
    CACHE 1;


ALTER TABLE public.features_id_seq OWNER TO crimegis;

--
-- Name: features_id_seq; Type: SEQUENCE OWNED BY; Schema: public; Owner: crimegis
--

ALTER SEQUENCE public.features_id_seq OWNED BY public.features.id;


--
-- Name: jenis_kriminalitas; Type: TABLE; Schema: public; Owner: crimegis
--

CREATE TABLE public.jenis_kriminalitas (
    id integer NOT NULL,
    jenis character varying(50) NOT NULL
);


ALTER TABLE public.jenis_kriminalitas OWNER TO crimegis;

--
-- Name: jenis_kriminalitas_id_seq; Type: SEQUENCE; Schema: public; Owner: crimegis
--

CREATE SEQUENCE public.jenis_kriminalitas_id_seq
    START WITH 1
    INCREMENT BY 1
    NO MINVALUE
    NO MAXVALUE
    CACHE 1;


ALTER TABLE public.jenis_kriminalitas_id_seq OWNER TO crimegis;

--
-- Name: jenis_kriminalitas_id_seq; Type: SEQUENCE OWNED BY; Schema: public; Owner: crimegis
--

ALTER SEQUENCE public.jenis_kriminalitas_id_seq OWNED BY public.jenis_kriminalitas.id;


--
-- Name: jenis_lokasi; Type: TABLE; Schema: public; Owner: crimegis
--

CREATE TABLE public.jenis_lokasi (
    id integer NOT NULL,
    jenis character varying(50)
);


ALTER TABLE public.jenis_lokasi OWNER TO crimegis;

--
-- Name: jenis_lokasi_id_seq; Type: SEQUENCE; Schema: public; Owner: crimegis
--

CREATE SEQUENCE public.jenis_lokasi_id_seq
    START WITH 1
    INCREMENT BY 1
    NO MINVALUE
    NO MAXVALUE
    CACHE 1;


ALTER TABLE public.jenis_lokasi_id_seq OWNER TO crimegis;

--
-- Name: jenis_lokasi_id_seq; Type: SEQUENCE OWNED BY; Schema: public; Owner: crimegis
--

ALTER SEQUENCE public.jenis_lokasi_id_seq OWNED BY public.jenis_lokasi.id;


--
-- Name: jenis_role; Type: TABLE; Schema: public; Owner: crimegis
--

CREATE TABLE public.jenis_role (
    id integer NOT NULL,
    jenis character varying(20) NOT NULL
);


ALTER TABLE public.jenis_role OWNER TO crimegis;

--
-- Name: jenis_role_id_seq; Type: SEQUENCE; Schema: public; Owner: crimegis
--

CREATE SEQUENCE public.jenis_role_id_seq
    -- AS integer
    START WITH 1
    INCREMENT BY 1
    NO MINVALUE
    NO MAXVALUE
    CACHE 1;


ALTER TABLE public.jenis_role_id_seq OWNER TO crimegis;

--
-- Name: jenis_role_id_seq; Type: SEQUENCE OWNED BY; Schema: public; Owner: crimegis
--

ALTER SEQUENCE public.jenis_role_id_seq OWNED BY public.jenis_role.id;


--
-- Name: koefisien; Type: TABLE; Schema: public; Owner: crimegis
--

CREATE TABLE public.koefisien (
    id integer NOT NULL,
    id_jenis_kriminalitas integer NOT NULL,
    nilai character varying(200),
    waktu_input timestamp without time zone,
    id_jenis_lokasi integer NOT NULL,
    korelasi numeric
);


ALTER TABLE public.koefisien OWNER TO crimegis;

--
-- Name: koefisien_id_seq; Type: SEQUENCE; Schema: public; Owner: crimegis
--

CREATE SEQUENCE public.koefisien_id_seq
    -- AS integer
    START WITH 1
    INCREMENT BY 1
    NO MINVALUE
    NO MAXVALUE
    CACHE 1;


ALTER TABLE public.koefisien_id_seq OWNER TO crimegis;

--
-- Name: koefisien_id_seq; Type: SEQUENCE OWNED BY; Schema: public; Owner: crimegis
--

ALTER SEQUENCE public.koefisien_id_seq OWNED BY public.koefisien.id;


--
-- Name: konstanta; Type: TABLE; Schema: public; Owner: crimegis
--

CREATE TABLE public.konstanta (
    id integer NOT NULL,
    id_jenis_kriminalitas integer NOT NULL,
    nilai character varying(200),
    waktu_input timestamp without time zone
);


ALTER TABLE public.konstanta OWNER TO crimegis;

--
-- Name: konstanta_id_seq; Type: SEQUENCE; Schema: public; Owner: crimegis
--

CREATE SEQUENCE public.konstanta_id_seq
    -- AS integer
    START WITH 1
    INCREMENT BY 1
    NO MINVALUE
    NO MAXVALUE
    CACHE 1;


ALTER TABLE public.konstanta_id_seq OWNER TO crimegis;

--
-- Name: konstanta_id_seq; Type: SEQUENCE OWNED BY; Schema: public; Owner: crimegis
--

ALTER SEQUENCE public.konstanta_id_seq OWNED BY public.konstanta.id;


--
-- Name: laporan_kriminal; Type: TABLE; Schema: public; Owner: crimegis
--

CREATE TABLE public.laporan_kriminal (
    id integer NOT NULL,
    id_jenis_kriminalitas integer NOT NULL,
    id_pelapor integer NOT NULL,
    waktu_kejadian timestamp without time zone,
    lokasi public.geometry(Point,4326)
);


ALTER TABLE public.laporan_kriminal OWNER TO crimegis;

--
-- Name: laporan_kriminal_id_seq; Type: SEQUENCE; Schema: public; Owner: crimegis
--

CREATE SEQUENCE public.laporan_kriminal_id_seq
    START WITH 1
    INCREMENT BY 1
    NO MINVALUE
    NO MAXVALUE
    CACHE 1;


ALTER TABLE public.laporan_kriminal_id_seq OWNER TO crimegis;

--
-- Name: laporan_kriminal_id_seq; Type: SEQUENCE OWNED BY; Schema: public; Owner: crimegis
--

ALTER SEQUENCE public.laporan_kriminal_id_seq OWNED BY public.laporan_kriminal.id;


--
-- Name: laporan_kriminal_warga; Type: TABLE; Schema: public; Owner: crimegis
--

CREATE TABLE public.laporan_kriminal_warga (
    id integer NOT NULL,
    id_jenis_kriminalitas integer,
    waktu_kejadian timestamp without time zone,
    lokasi public.geometry(Point,4326)
);


ALTER TABLE public.laporan_kriminal_warga OWNER TO crimegis;

--
-- Name: laporan_kriminal_warga_id_seq; Type: SEQUENCE; Schema: public; Owner: crimegis
--

CREATE SEQUENCE public.laporan_kriminal_warga_id_seq
    -- AS integer
    START WITH 1
    INCREMENT BY 1
    NO MINVALUE
    NO MAXVALUE
    CACHE 1;


ALTER TABLE public.laporan_kriminal_warga_id_seq OWNER TO crimegis;

--
-- Name: laporan_kriminal_warga_id_seq; Type: SEQUENCE OWNED BY; Schema: public; Owner: crimegis
--

ALTER SEQUENCE public.laporan_kriminal_warga_id_seq OWNED BY public.laporan_kriminal_warga.id;


--
-- Name: user_account; Type: TABLE; Schema: public; Owner: crimegis
--

CREATE TABLE public.user_account (
    id integer NOT NULL,
    username character varying(30) NOT NULL,
    password character varying(64) NOT NULL,
    nama character varying(100),
    role integer
);


ALTER TABLE public.user_account OWNER TO crimegis;

--
-- Name: user_account_id_seq; Type: SEQUENCE; Schema: public; Owner: crimegis
--

CREATE SEQUENCE public.user_account_id_seq
    START WITH 1
    INCREMENT BY 1
    NO MINVALUE
    NO MAXVALUE
    CACHE 1;


ALTER TABLE public.user_account_id_seq OWNER TO crimegis;

--
-- Name: user_account_id_seq; Type: SEQUENCE OWNED BY; Schema: public; Owner: crimegis
--

ALTER SEQUENCE public.user_account_id_seq OWNED BY public.user_account.id;


--
-- Name: wilayah_kerja; Type: TABLE; Schema: public; Owner: crimegis
--

CREATE TABLE public.wilayah_kerja (
    id integer NOT NULL,
    geom public.geometry(MultiPolygon,4326),
    name character varying(255),
    description character varying(255),
    "timestamp" timestamp without time zone,
    begin timestamp without time zone,
    "end" timestamp without time zone,
    altitudemode character varying(255),
    tessellate integer,
    extrude integer,
    visibility integer,
    draworder integer,
    icon character varying(255)
);


ALTER TABLE public.wilayah_kerja OWNER TO crimegis;

--
-- Name: wilayah_kerja_id_seq; Type: SEQUENCE; Schema: public; Owner: crimegis
--

CREATE SEQUENCE public.wilayah_kerja_id_seq
    -- AS integer
    START WITH 1
    INCREMENT BY 1
    NO MINVALUE
    NO MAXVALUE
    CACHE 1;


ALTER TABLE public.wilayah_kerja_id_seq OWNER TO crimegis;

--
-- Name: wilayah_kerja_id_seq; Type: SEQUENCE OWNED BY; Schema: public; Owner: crimegis
--

ALTER SEQUENCE public.wilayah_kerja_id_seq OWNED BY public.wilayah_kerja.id;


--
-- Name: error id; Type: DEFAULT; Schema: public; Owner: crimegis
--

ALTER TABLE ONLY public.error ALTER COLUMN id SET DEFAULT nextval('public.error_id_seq'::regclass);


--
-- Name: features id; Type: DEFAULT; Schema: public; Owner: crimegis
--

ALTER TABLE ONLY public.features ALTER COLUMN id SET DEFAULT nextval('public.features_id_seq'::regclass);


--
-- Name: jenis_kriminalitas id; Type: DEFAULT; Schema: public; Owner: crimegis
--

ALTER TABLE ONLY public.jenis_kriminalitas ALTER COLUMN id SET DEFAULT nextval('public.jenis_kriminalitas_id_seq'::regclass);


--
-- Name: jenis_lokasi id; Type: DEFAULT; Schema: public; Owner: crimegis
--

ALTER TABLE ONLY public.jenis_lokasi ALTER COLUMN id SET DEFAULT nextval('public.jenis_lokasi_id_seq'::regclass);


--
-- Name: jenis_role id; Type: DEFAULT; Schema: public; Owner: crimegis
--

ALTER TABLE ONLY public.jenis_role ALTER COLUMN id SET DEFAULT nextval('public.jenis_role_id_seq'::regclass);


--
-- Name: koefisien id; Type: DEFAULT; Schema: public; Owner: crimegis
--

ALTER TABLE ONLY public.koefisien ALTER COLUMN id SET DEFAULT nextval('public.koefisien_id_seq'::regclass);


--
-- Name: konstanta id; Type: DEFAULT; Schema: public; Owner: crimegis
--

ALTER TABLE ONLY public.konstanta ALTER COLUMN id SET DEFAULT nextval('public.konstanta_id_seq'::regclass);


--
-- Name: laporan_kriminal id; Type: DEFAULT; Schema: public; Owner: crimegis
--

ALTER TABLE ONLY public.laporan_kriminal ALTER COLUMN id SET DEFAULT nextval('public.laporan_kriminal_id_seq'::regclass);


--
-- Name: laporan_kriminal_warga id; Type: DEFAULT; Schema: public; Owner: crimegis
--

ALTER TABLE ONLY public.laporan_kriminal_warga ALTER COLUMN id SET DEFAULT nextval('public.laporan_kriminal_warga_id_seq'::regclass);


--
-- Name: user_account id; Type: DEFAULT; Schema: public; Owner: crimegis
--

ALTER TABLE ONLY public.user_account ALTER COLUMN id SET DEFAULT nextval('public.user_account_id_seq'::regclass);


--
-- Name: wilayah_kerja id; Type: DEFAULT; Schema: public; Owner: crimegis
--

ALTER TABLE ONLY public.wilayah_kerja ALTER COLUMN id SET DEFAULT nextval('public.wilayah_kerja_id_seq'::regclass);


--
-- Data for Name: error; Type: TABLE DATA; Schema: public; Owner: crimegis
--

COPY public.error (id, id_jenis_kriminalitas, error) FROM stdin;
1	7	8.18122827692298
2	6	189618.828985299
3	8	165.636633275052
\.


--
-- Data for Name: features; Type: TABLE DATA; Schema: public; Owner: crimegis
--

COPY public.features (id, id_jenis_lokasi, nama, waktu_input, lokasi, keterangan) FROM stdin;
14	5	Terminal Joyoboyo	2018-06-02 21:22:00.22	0101000020E6100000186B6E3B232F5C4052FCDF1115321DC0	
16	6	Universitas Airlangga	2018-06-02 21:23:00.43	0101000020E61000003845DB8C2E325C4018117B57F3121DC0	Kampus C
12	6	Politeknik Elektronika Negeri Surabaya	2018-06-02 21:18:00.47	0101000020E6100000CC0BB08FCE325C40D0F23CB83B1B1DC0	
15	6	Universitas 17 Agustus 1945	2018-06-02 21:23:00.01	0101000020E6100000780371C314315C40AD2DE175A2311DC0	
17	1	Polsek Bubutan	2018-06-09 16:35:00.29	0101000020E610000050E207420D2F5C40584C5B1256011DC0	
18	1	Polsek Pabean Cantikan	2018-06-09 16:42:00.56	0101000020E6100000E0420D95B52F5C400ACE2A7D32F81CC0	
19	1	Polsek Krembangan	2018-06-09 16:43:00.22	0101000020E610000060A0FF79752D5C407958A835CDEB1CC0	
20	1	Polsek Semampir	2018-06-09 16:44:00.16	0101000020E6100000F00BE885BB2F5C402942453069E71CC0	
21	1	Polsekta Tandes	2018-06-09 16:44:00.36	0101000020E610000048B9EAF0C62B5C403E3A1A2C411B1DC0	
22	1	Polsek Benowo	2018-06-09 16:44:00.58	0101000020E6100000D84125AEE3285C4042F9CCA32CFD1CC0	
23	1	Polsek Asemrowo	2018-06-09 16:45:00.16	0101000020E61000008064181CCA2D5C40AEC964822B021DC0	
24	1	Polsek Sukomanunggal	2018-06-09 16:45:00.39	0101000020E610000020C3F759C02C5C40FBF1F2CF67131DC0	
25	1	Polsek Pakal	2018-06-09 16:45:00.57	0101000020E610000020FC8BA031275C4031D53840D5ED1CC0	
26	1	Polsek Dukuh Pakis	2018-06-09 16:46:00.14	0101000020E6100000E051F75C812D5C4001F2255470201DC0	
27	1	Polsek Tegal Sari	2018-06-09 18:41:00.43	0101000020E6100000802E8617692F5C40A25C644C0B101DC0	
28	1	Polsek Sawahan	2018-06-09 18:42:00.06	0101000020E6100000700E10CCD12D5C40C88F42A385051DC0	
29	1	Polsek Genteng	2018-06-09 18:42:00.35	0101000020E610000068C526E8E52F5C402F3CE58700061DC0	
30	1	Polsek Wonocolo	2018-06-09 18:42:00.59	0101000020E6100000409281F22D305C40CBCD812F96431DC0	
31	1	Polsek Wonokromo	2018-06-09 18:43:00.2	0101000020E610000020EBBA01302F5C4051B52792F9311DC0	
32	1	Polsek Karangpilang	2018-06-09 18:43:00.48	0101000020E610000030077AA86D2D5C40876D8B321B441DC0	
33	1	Polsekta Lakarsantri	2018-06-09 18:44:00.31	0101000020E6100000A038DB37D2285C4016B7D100DE1A1DC0	
34	1	Polsek Gayungan	2018-06-09 18:44:00.54	0101000020E6100000E8AE91C94E2E5C401D768478C9541DC0	
35	1	Polsek Wiyung	2018-06-09 18:46:00.02	0101000020E6100000F03746578E2C5C408F42FE3E88411DC0	
36	1	Polsek Jambangan	2018-06-09 18:46:00.42	0101000020E610000010E42373F62D5C405BA6CB07A9401DC0	
37	1	Polsek Simokerto	2018-06-09 18:47:00.05	0101000020E610000030EA494FC72F5C40F50714FB15F41CC0	
38	1	Polsekta Tambaksari	2018-06-09 18:47:00.39	0101000020E6100000D8A83DDB59305C400A16985F17071DC0	
39	1	Polsek Gubeng	2018-06-09 18:48:00.12	0101000020E610000078514F7ABA305C40E64F1BD5E9301DC0	
40	1	Polsek Sukolilo	2018-06-09 18:48:00.35	0101000020E6100000D06EAAA404325C40878E780D55241DC0	
41	1	Polsek Rungkut	2018-06-09 18:49:00.04	0101000020E6100000A81611C5E4315C4028CEAC003A4F1DC0	
42	1	Polsek Kenjeran	2018-06-09 18:49:00.34	0101000020E610000010187F36CD315C40929A1B785AE31CC0	
43	1	Polsek Tenggilis	2018-06-09 18:49:00.56	0101000020E6100000F0F549496A305C40B3171B0467521DC0	
44	1	Polsek Mulyorejo	2018-06-09 18:50:00.24	0101000020E61000000069A44AB9325C40BB169925A6081DC0	
45	1	Polrestabes Surabaya	2018-06-09 18:52:00.05	0101000020E61000001074B4AA252F5C4000C45DBD8AF41CC0	
46	1	Polres KPPP Tanjung Perak Surabaya	2018-06-09 18:56:00.57	0101000020E6100000A099DD49FA2E5C40942FC3DA73CC1CC0	
47	1	Polda Jawa Timur	2018-06-09 18:57:00.41	0101000020E6100000A0AFD63FBE2E5C4008037404154A1DC0	
48	3	Pasar Ambengan Batu	2018-06-11 17:32:00.28	0101000020E6100000585F13880D305C40C9F08E4248041DC0	
49	3	Pasar Aswotomo	2018-06-11 17:33:00.41	0101000020E6100000AB64B61AC82F5C40AF14B82BAAEC1CC0	
50	3	Pasar Dinoyo Tangsi	2018-06-11 17:34:00.37	0101000020E610000098C62FBC922F5C40951BFB4800251DC0	
51	3	Pasar Burung Bratang	2018-06-11 17:35:00.14	0101000020E6100000F060E696B1305C40C8EBC1A4F8301DC0	
52	3	Pasar Bunga Bratang	2018-06-11 17:35:00.43	0101000020E610000004392861A6305C406F1D2D18A6301DC0	
53	3	Pasar Gubeng Masjid	2018-06-11 17:39:00.22	0101000020E6100000A0AB19BE2A305C40AC85A3F501121DC0	
54	3	Pasar Gubeng Kertajaya	2018-06-11 17:40:00.42	0101000020E610000020A4028214305C40BA8A20297D1C1DC0	
55	3	Pasar Indrakila	2018-06-11 17:41:00.33	0101000020E6100000D09FDBF060305C4003931B45D60A1DC0	
56	3	Pasar Kapasan	2018-06-11 17:42:00.06	0101000020E6100000E005B6EFF62F5C40C08E49905BF51CC0	
57	3	Pasar Kayon	2018-06-11 17:44:00.24	0101000020E61000000F00006FEA2F5C4073AB658BAC121DC0	
58	3	Pasar Surya Kendangsari	2018-06-11 17:46:00.27	0101000020E6100000F0479BF408305C4090E62384A24C1DC0	
59	3	Pasar Keputih	2018-06-11 17:47:00.1	0101000020E6100000D8C177512A335C405D077360DE281DC0	
60	3	Pasar Keputran Selatan	2018-06-11 20:04:00.1	0101000020E6100000683C5B51942F5C40F989A82E851C1DC0	
61	3	Pasar Keputran Utara	2018-06-11 20:04:00.33	0101000020E6100000B031AF238E2F5C406BC7C33181191DC0	
62	3	Pasar Kertopaten	2018-06-11 20:08:00.11	0101000020E6100000D804FE3CB02F5C40A1A61FAC1BF01CC0	
63	3	Pasar Krukah	2018-06-12 00:38:00.57	0101000020E610000050C395583E305C403DB08806CE2E1DC0	
64	3	Pasar Pacar Keling	2018-06-12 00:39:00.43	0101000020E610000040FB479597305C409457F844E8091DC0	
65	3	Pasar Panjang Jiwo	2018-06-12 00:40:00.04	0101000020E6100000E0E83B0936315C401111926005431DC0	
66	3	Pasar Kapas Krampung	2018-06-12 00:40:00.38	0101000020E6100000E00720B589305C40DF7C23BA67FD1CC0	
67	3	Pasar Pucang Anom	2018-06-12 00:40:00.56	0101000020E610000040F482F439305C4096850A69E8221DC0	
68	3	Pasar Rungkut Baru	2018-06-12 00:42:00.04	0101000020E6100000300BB43BA4315C407E6649809A4A1DC0	
69	3	Pasar Tenggilis Mejoyo	2018-06-12 00:42:00.33	0101000020E610000058BC581822305C40C79C67EC4B461DC0	
70	3	Pasar Krempyeng YAMURI	2018-06-12 00:43:00.05	0101000020E610000030C1E270E6325C4047205ED72F081DC0	
71	3	Pasar Ampel	2018-06-12 00:44:00.59	0101000020E61000005023E3079D2F5C4099B9652C3FED1CC0	
72	3	Pasar Asemrowo	2018-06-12 00:45:00.43	0101000020E6100000C880FD21C72D5C40D3B837BF61021DC0	
73	3	Pasar Babaan	2018-06-12 00:46:00.01	0101000020E6100000385C9A11142F5C40E6406A6EE0E91CC0	
74	3	Pasar Balongsari	2018-06-12 00:46:00.36	0101000020E6100000A87AD745762B5C4020DC5328C1091DC0	
75	3	Pasar Banjarsugihan	2018-06-12 00:47:00.24	0101000020E610000078459506232A5C4096ED43DE72051DC0	
76	3	Pasar Bibis	2018-06-12 00:48:00.03	0101000020E61000004082A966562F5C40049953B8D4F71CC0	
77	3	Pasar Blauran	2018-06-12 00:48:00.4	0101000020E610000030FAC044F22E5C409C363EEEB6061DC0	
78	3	Pasar Gembong Tebasan	2018-06-12 00:49:00.09	0101000020E61000007820B24813305C403246240A2DFB1CC0	
79	3	Pasar Dupak Bandarejo	2018-06-12 00:49:00.43	0101000020E6100000A037F350002E5C40447A408F07F91CC0	
80	3	Pasar Dupak Rukun	2018-06-12 00:50:00.02	0101000020E610000030A880C5AB2D5C408E7637AA2EFB1CC0	
81	3	Jembatan Merah Plaza	2018-06-12 00:52:00.51	0101000020E610000080349C32372F5C40181538D906EE1CC0	
82	3	Pasar Jagalan	2018-06-12 00:53:00.23	0101000020E6100000282F3201BF2F5C40812557B1F8FD1CC0	
83	3	Pasar Kepatihan	2018-06-12 00:53:00.53	0101000020E6100000B8E7F9D3462F5C403FBE840A0EFF1CC0	
84	3	Pasar Krembangan	2018-06-12 00:54:00.21	0101000020E6100000E075FD82DD2E5C402D3718EAB0F21CC0	
85	3	Pasar Manukan Kulon	2018-06-12 00:54:00.59	0101000020E6100000908A389D642A5C40AF7AC03C640A1DC0	
86	3	Pasar Pabean	2018-06-12 00:55:00.18	0101000020E6100000E0D5ABC8682F5C404604882760F01CC0	
87	3	Pasar Pecindilan	2018-06-12 00:55:00.4	0101000020E6100000A8024933F12F5C40EDB7D15B97FD1CC0	
88	3	Pasar Pegirian	2018-06-12 00:55:00.58	0101000020E610000050E0641BB82F5C403BC3D4963AE81CC0	
89	3	Pasar Pesapen	2018-06-12 00:56:00.26	0101000020E6100000104E0B5EF42E5C401310937021EF1CC0	
90	3	Pasar Simo Gunung	2018-06-12 00:56:00.48	0101000020E61000000135B56CAD2D5C400CB1FA230C131DC0	
91	3	Pasar Rukun Simomulyo	2018-06-12 00:57:00.38	0101000020E610000020F6D61B902D5C40BBF6BB66A8101DC0	
92	3	Pasar Sukodono	2018-06-12 00:58:00.08	0101000020E610000030A3586E692F5C402A745E6397E81CC0	
93	3	Pasar Tembok	2018-06-12 00:58:00.5	0101000020E6100000280989B48D2E5C40D39D279EB3051DC0	
94	3	Pasar Tidar	2018-06-12 00:59:00.07	0101000020E6100000686D1ADB6B2E5C402ABCCB457C071DC0	
95	3	Pasar Bulak Banteng	2018-06-12 00:59:00.5	0101000020E61000003097AF262A305C40E2CC9EBAA8E41CC0	
96	3	Pasar Surya Pasar Simo	2018-06-12 01:00:00.09	0101000020E610000070DC291DAC2D5C4051B81E85EB111DC0	
97	3	Pasar Bangkingan	2018-06-12 01:01:00.03	0101000020E610000080D058A0022A5C401EFDD41D304C1DC0	
98	3	Pasar Bendul Merisi	2018-06-12 01:01:00.39	0101000020E610000050CBD6FA222F5C4016A3AEB5F7391DC0	
99	3	Pasar Dukuh Kupang Barat	2018-06-12 01:02:00.31	0101000020E610000081E9B46E832D5C40D99596917A1F1DC0	
100	3	Pasar Dukuh Kupang	2018-06-12 01:03:00.2	0101000020E6100000A08026C2862D5C402843554CA51F1DC0	
101	3	Pasar Gayungsari	2018-06-12 01:03:00.47	0101000020E61000002838BC20222E5C40E869C020E9531DC0	
102	3	Pasar Genteng Baru	2018-06-12 01:04:00.08	0101000020E610000088D4B48B692F5C408B05195CCE081DC0	
103	3	Pasar Karang Pilang	2018-06-12 01:04:00.44	0101000020E6100000C053C8957A2C5C40EC4960730E5E1DC0	
104	3	Pasar Kedungdoro	2018-06-12 01:05:00.12	0101000020E610000068160DBED52E5C4094C8F43A980B1DC0	
105	3	Pasar Kedungsari	2018-06-12 01:05:00.29	0101000020E610000048298D3D202F5C405697530262121DC0	
106	3	Pasar Kembang	2018-06-12 01:06:00.1	0101000020E6100000002A1C41AA2E5C4048DA8D3EE6131DC0	
107	3	Pasar Kupang	2018-06-12 01:06:00.3	0101000020E6100000A0189293892E5C409A779CA223191DC0	
108	3	Pasar Kupang Gunung	2018-06-12 01:06:00.53	0101000020E610000050539275382E5C400BD462F0301D1DC0	
109	3	Pasar Surya Pasar Pakis	2018-06-12 14:40:00.34	0101000020E610000058130B7CC52E5C40D5FC5305FE231DC0	
110	3	Pasar Pandegiling	2018-06-12 14:42:00.44	0101000020E6100000909F6B04072F5C4071BE22090C1B1DC0	
111	3	Darmo Trade Center	2018-06-12 14:43:00.17	0101000020E610000038FF1B203D2F5C4032E609DF56351DC0	
112	3	Pasar Surya Wonokitri	2018-06-12 14:44:00.33	0101000020E6100000A09064566F2E5C404AFCE5EECE2D1DC0	
113	3	Pasar Tunjungan	2018-06-12 14:44:00.57	0101000020E6100000002E7E094B2F5C4089EAAD81AD0A1DC0	
114	3	Pasar Wonokromo	2018-06-12 14:45:00.18	0101000020E610000088D008362E2F5C407C62F8E351351DC0	
115	3	Pasar Surya Lakarsantri	2018-06-12 14:45:00.41	0101000020E6100000B03A94FC63285C40805C2C561E361DC0	
116	3	Pasar Turi Baru	2018-06-12 14:46:00.02	0101000020E6100000B00694F2FF2E5C408F19976027FB1CC0	
117	3	ITC Surabaya	2018-06-12 14:47:00.17	0101000020E610000060065218CA2F5C40004098254BF71CC0	
118	3	Pusat Grosir Surabaya	2018-06-12 14:47:00.49	0101000020E6100000903CD7F7E12E5C403FFB912232FC1CC0	
119	3	Pasar Gresik PPI	2018-06-12 14:50:00.28	0101000020E610000020BC3D08812E5C40256717C220EF1CC0	
120	3	Pasar Jalan Kelapa	2018-06-12 14:52:00.08	0101000020E6100000C8EAB1883C305C405855D40561031DC0	
121	4	Galaxy Mall	2018-06-12 14:52:00.56	0101000020E610000098C706770C325C40E3975533C61A1DC0	
122	4	Grand City Mall	2018-06-12 14:53:00.18	0101000020E6100000A0DCEF5014305C40BDA8DDAF020C1DC0	
123	4	Surabaya Plaza	2018-06-12 14:53:00.44	0101000020E6100000D8575705EA2F5C40BAACD392D80F1DC0	
124	4	Tunjungan Plaza Surabaya	2018-06-12 14:54:00.03	0101000020E6100000581135D1672F5C40FA3C4679E60D1DC0	
125	4	Ciputra World Mall	2018-06-12 14:54:00.22	0101000020E6100000C04E0C24032E5C40ACBF03A84E2C1DC0	
126	4	Lenmarc Mall Surabaya	2018-06-12 14:55:00.07	0101000020E6100000180FA5AC952B5C40E4E59FCF36251DC0	
127	4	Royal Plaza	2018-06-12 14:55:00.26	0101000020E6100000A025D934002F5C40962FC3DA733C1DC0	
128	4	City Of Tomorrow Surabaya	2018-06-12 14:55:00.43	0101000020E6100000884D092D902E5C4046589E5104621DC0	
129	4	Marvell City Mall	2018-06-12 14:56:00.07	0101000020E61000008090C07AB72F5C40C2DF8A1FBE271DC0	
130	4	Surabaya Town Square	2018-06-12 14:56:00.23	0101000020E610000010E8024DBA2E5C4073B6CA5D952D1DC0	
131	4	East Coast Center	2018-06-12 14:56:00.47	0101000020E61000007088B83995335C4093E3BACE2B1B1DC0	
132	4	Supermall Pakuwon Indah	2018-06-12 14:57:00.2	0101000020E6100000C0EF3A762B2B5C40F403577902291DC0	
133	4	Hi-Tech Mall	2018-06-12 14:57:00.35	0101000020E6100000D068723106305C40EF86342A70021DC0	
134	4	World Trade Center Surabaya	2018-06-12 14:57:00.52	0101000020E6100000609934FCDD2F5C409F05FC75020D1DC0	
135	4	Plaza Marina	2018-06-12 14:58:00.14	0101000020E6100000809CC47BE92F5C4082C93269F8431DC0	
136	4	BG Junction Mall	2018-06-12 14:58:00.29	0101000020E610000090F50D4CEE2E5C40840A58BCA2051DC0	
137	4	Kaza City Mall	2018-06-12 14:58:00.45	0101000020E6100000E085CF317B305C405EA0490790FE1CC0	
138	5	Terminal Joyoboyo	2018-06-14 08:07:00.58	0101000020E6100000186B6E3B232F5C4052FCDF1115321DC0	
139	5	Terminal Bratang	2018-06-14 08:08:00.32	0101000020E6100000806A3986B6305C403F0EEFDEF6311DC0	
140	5	Terminal Balongsari	2018-06-14 08:08:00.52	0101000020E610000078E008F76F2B5C403502F1BA7E091DC0	
141	5	Terminal Tambak Osowilangun	2018-06-14 08:09:00.49	0101000020E610000018C2209FC6295C408C7956D28ADF1CC0	
142	5	Terminal Benowo	2018-06-14 08:10:00.08	0101000020E610000050060E68E9265C40FE0E45813EF11CC0	
143	5	Terminal Wonokromo	2018-06-14 08:10:00.28	0101000020E6100000B01C5A643B2F5C40BA66F2CD36371DC0	
144	5	Terminal Keputih	2018-06-14 08:10:00.42	0101000020E610000088FFE0E84F335C40ABC95356D32D1DC0	
145	5	Terminal Kenjeran	2018-06-14 08:11:00.04	0101000020E6100000202A8D98D9325C40C0E44691B5F61CC0	
146	5	Terminal Menanggal	2018-06-14 08:11:00.22	0101000020E6100000A01D15A43E2E5C40F21F77B6EC5D1DC0	
147	5	Terminal Kedung Cowek	2018-06-14 08:11:00.38	0101000020E6100000D8E1E82ADD315C4050CB0F5CE5D91CC0	
148	5	Terminal Dukuh Kupang	2018-06-14 08:11:00.58	0101000020E6100000807DAD4B8D2D5C40A48636001B201DC0	
149	5	Terminal Purabaya	2018-06-14 08:12:00.17	0101000020E610000020609CAE5D2E5C402BBBBB2940671DC0	
150	5	Terminal Tanjung Perak	2018-06-14 08:12:00.34	0101000020E610000050863EB3FF2E5C402BF5D14E72CC1CC0	
151	5	Terminal Rungkut	2018-06-14 08:12:00.49	0101000020E6100000108AADA069315C406B21C84109531DC0	
152	5	Terminal Manukan	2018-06-14 08:13:00.07	0101000020E6100000D05DC8D9AA2A5C40A93B16DBA4121DC0	
153	7	Tempat Pemakaman Umum Keputih	2018-06-14 08:32:00.4	0101000020E6100000808C4D863E335C4059130B7C45371DC0	
154	7	Makam Peneleh	2018-06-14 08:33:00.03	0101000020E6100000986DB8D9692F5C40C11C3D7E6F031DC0	
155	7	Makam Sunan Ampel	2018-06-14 08:33:00.29	0101000020E61000008013549E8A2F5C409406C8E1DDEB1CC0	
156	7	Makam Kembang Kuning	2018-06-14 08:33:00.51	0101000020E6100000F04295F5762E5C40E5982CEE3F221DC0	
157	7	Taman Makam Pahlawan Sepuluh November	2018-06-14 08:36:00.37	0101000020E61000002079C5F8552D5C400F779A71BF281DC0	
158	7	Makam Rangkah	2018-06-14 08:37:00.06	0101000020E610000010879455C7315C400755B4835BF81CC0	
159	7	Makam W.R Supratman	2018-06-14 08:37:00.23	0101000020E6100000B024B20FB2305C40C112B46E28F91CC0	
160	7	Makam Boto Putih	2018-06-14 08:37:00.47	0101000020E610000080DA5EC1EC305C40CF110A5BFD421DC0	
161	7	Makam Sunan Bungkul	2018-06-14 08:38:00.1	0101000020E6100000906C09545A2F5C40CFFBFF38612A1DC0	
162	7	Makam Umum Rangkah	2018-06-14 08:38:00.4	0101000020E6100000A806F588AC305C402CA7F397CCF71CC0	
163	7	Taman Makam Pahlawan Kusuma Bangsa	2018-06-14 08:39:00.18	0101000020E61000002046CF2DF42F5C4034D5496C2D021DC0	
164	7	Makam Joko Jumput	2018-06-14 08:39:00.39	0101000020E61000009065C1C41F2F5C40E5F1B4FCC0051DC0	
165	7	Taman Makam Pahlawan Ngagel	2018-06-14 08:40:00.13	0101000020E6100000300708E6E82F5C4087C8E9EBF92A1DC0	
166	7	Makam Putat Gede	2018-06-14 08:40:00.55	0101000020E6100000306475ABE72C5C40C8ABBD99E2231DC0	
167	7	Tempat Pemakaman Umum Ngagel Rejo	2018-06-14 08:41:00.14	0101000020E6100000C0F7FE06ED2F5C40E08C5022782A1DC0	
168	7	Makam Wonokusumo Kidul	2018-06-14 08:41:00.46	0101000020E6100000B85C589217305C40968DCEF929E61CC0	
169	7	Makam Islam Lontar	2018-06-14 08:42:00.12	0101000020E610000058D4168D6B2A5C40FC3E77DDB6321DC0	
170	7	Makam Umum Tembok Gede	2018-06-14 08:42:00.31	0101000020E610000078369A127F2E5C40A620E46146051DC0	
171	7	Makam Jagir Wonokromo	2018-06-14 08:42:00.54	0101000020E61000009094F430B42F5C40B0DAFCBFEA381DC0	
172	7	Makam Kristen Pacarkeling	2018-06-14 08:43:00.22	0101000020E6100000E0B31AB73D305C405A219B9ABA111DC0	
173	7	Makam Islam Lakar Santri	2018-06-14 08:43:00.53	0101000020E61000001081FB4B9C285C404466D3B606331DC0	
174	7	Taman Makam Pahlawan Putat Gede	2018-06-14 08:44:00.23	0101000020E6100000D0A21C71ED2D5C40A8937DA191291DC0	
175	7	Makam Islam Manyar Sambongan	2018-06-14 08:45:00.05	0101000020E6100000D05CA79196305C406058FE7C5B201DC0	
176	7	Islamic cemetery Pegirian	2018-06-14 08:45:00.3	0101000020E6100000609E3AFBEF2F5C4050C4D8F802E91CC0	
177	7	Makam Islam Keputih	2018-06-14 08:46:00.08	0101000020E6100000C0BB5CC4F7325C406431FB86D32B1DC0	
178	7	Makam Kristen Kebraon	2018-06-14 08:46:00.32	0101000020E61000008018E8DA972C5C40DC103EEF21541DC0	
179	7	Makam Kelurahan Pagesangan	2018-06-14 08:47:00.05	0101000020E61000004042942F682D5C400FB9196EC0571DC0	
180	7	Makam Islam Rungkut Lor	2018-06-14 08:47:00.43	0101000020E610000090CFBFB82F315C4045251A49274F1DC0	
181	7	Makam Mbah Karimah Mertua Sunan Ampel	2018-06-14 08:48:00.12	0101000020E6100000A8B69BE09B2E5C4039252026E1221DC0	
182	7	Ereveld Kembang Kuning	2018-06-14 08:48:00.45	0101000020E6100000E8D0D84D5F2E5C409DEFF15366241DC0	
183	7	Makam Kalilom	2018-06-14 08:49:00.1	0101000020E6100000E044BB0A29325C40F3E0EEACDDE61CC0	
184	7	Makam Tanah Merah Umum	2018-06-14 08:49:00.51	0101000020E6100000306BAC0E4A315C40C4B7C19A14E81CC0	
185	7	Makam Islam Kedung Asem	2018-06-14 08:50:00.28	0101000020E6100000E0FE23D3A1315C4089D1730B5D491DC0	
186	7	Makam Sayyid Ali Asghor Basyaiban	2018-06-14 12:51:00.33	0101000020E6100000802CE9CD4D305C40E6ABE46377391DC0	
187	7	Makam Islam RW 5 Mojo Surabaya	2018-06-14 12:51:00.56	0101000020E6100000E067C81DDB305C40EA6BB823F70F1DC0	
188	7	Makam Kapas Krampung	2018-06-14 12:52:00.15	0101000020E61000006057EE609F305C402420819AB5F71CC0	
189	7	Makam Kristen Tubanan	2018-06-14 12:52:00.39	0101000020E6100000209AD42BC02B5C400EA9B3A4ED191DC0	
190	7	Makam Bendul Merisi	2018-06-14 12:52:00.56	0101000020E610000028CA94C5B32F5C403D4679E6E5381DC0	
191	7	Makam Randu	2018-06-14 12:53:00.13	0101000020E6100000B03D3036E3305C40B48EAA2688EA1CC0	
192	7	Makam Dukuh Kupang	2018-06-14 12:53:00.49	0101000020E61000000017D0B0BD2D5C40E6F3F68CE91E1DC0	
193	7	Kuburan Karang Gayam	2018-06-14 12:55:00.03	0101000020E61000000053060E68305C40DB48D92269071DC0	
194	7	Bogangin Cemetery	2018-06-14 12:55:00.2	0101000020E610000050D7DAFB542D5C40CF2EDFFAB04E1DC0	
195	7	Tempat Pemakaman Umum Jambangan	2018-06-14 12:55:00.4	0101000020E6100000E0195C29BA2D5C40F629221EE4481DC0	
196	7	Makam Para Leloeader Sampoerna	2018-06-14 12:56:00.04	0101000020E6100000D86432C1152E5C40065273034F1B1DC0	
197	7	Pemakaman Umum Mbah Ratu	2018-06-14 12:56:00.27	0101000020E6100000A08C857C2B2E5C40C110397D3DEF1CC0	
198	7	Makam Warga Kedurus	2018-06-14 12:56:00.49	0101000020E61000003055698B6B2D5C402C859BE7E3451DC0	
199	7	Pemakaman Manukan Kulon	2018-06-14 12:57:00.12	0101000020E61000001064BAC69D2A5C4035B62110F9081DC0	
200	7	Makam Islam Nginden	2018-06-14 12:57:00.33	0101000020E61000006063E135F9305C40AE7488C965351DC0	
201	7	Makam Ki Gede Ing Suro Mudo	2018-06-14 12:57:00.5	0101000020E61000000848A066ED2D5C408CD31055F8131DC0	
202	7	Makam Islam Bratang Wetan	2018-06-14 13:02:00.46	0101000020E610000008DDCAB763305C40D941DB20492F1DC0	
203	7	Makam Tjondronegoro II Botoputih	2018-06-14 13:03:00.1	0101000020E6100000E890E56EA12F5C402D210EC814F21CC0	
204	7	Makam Islam Kelurahan Tandes	2018-06-14 13:04:00.24	0101000020E610000080341944DA2B5C4018C6DD205A0B1DC0	
205	7	Makam Islam Nginden Kota	2018-06-14 13:04:00.59	0101000020E6100000309B3924B5305C40649291B3B0371DC0	
206	7	Makam Islam Desa Rungkut Kidul	2018-06-14 13:06:00.17	0101000020E6100000C84E893526315C40DB50D6146D531DC0	
207	7	Makam Islam Jetis Wetan	2018-06-14 13:07:00.3	0101000020E610000078B988EF442F5C408844A165DD3F1DC0	
208	7	Makam Islam Ketintang	2018-06-14 13:07:00.48	0101000020E6100000A07BA3B1512E5C408DA042BF003C1DC0	
209	7	Tempat Pemakaman Umum Peti Mati Arjuna	2018-06-14 13:08:00.45	0101000020E6100000D0AAF12D872E5C4044F46BEBA7071DC0	
210	7	Makam BLK Cumpat	2018-06-14 13:09:00.07	0101000020E6100000A0F7FF71C2315C403A90F5D4EAEB1CC0	
211	7	Makam Asem Jajar	2018-06-14 13:09:00.54	0101000020E6100000A0703D0AD72D5C402500FF942A011DC0	
212	7	Makam Islam Juwingan	2018-06-14 13:10:00.26	0101000020E61000001078825811305C4041E5982CEE1F1DC0	
213	7	Makam Islam Kedung Tarukan	2018-06-14 13:10:00.47	0101000020E6100000C00B2252D3305C404CBA2D910B0E1DC0	
214	7	Makam Kelurahan Karang Poh	2018-06-14 13:11:00.11	0101000020E6100000309A5C8C812B5C406ADAC534D30D1DC0	
215	7	Makam Islam RW 01 Sememi Jaya	2018-06-14 13:17:00.42	0101000020E61000000088BB7A15295C404E2B85402E011DC0	
216	7	Makam Warga Medokan Ayu	2018-06-14 13:18:00	0101000020E6100000A059C8120C335C40944C5F19654F1DC0	
217	7	Makam Islam Bureng	2018-06-14 13:18:00.15	0101000020E6100000E0805D4D9E2E5C40620B410E4A381DC0	
218	7	Makam Islam Karah	2018-06-14 13:18:00.39	0101000020E6100000781F4773E42D5C409F0B7E761B3F1DC0	
219	7	Makam Islam Karang Menjangan	2018-06-14 13:18:00.59	0101000020E6100000A8EB9ADAE3305C402BC0779B37161DC0	
220	7	Makam Mojoklanggur Lor RW 02	2018-06-14 13:19:00.2	0101000020E610000010DC48D922315C40E992718C640F1DC0	
221	7	Makam Islam RW. 02 Gunung Anyar	2018-06-14 13:19:00.46	0101000020E61000006011EB43CD315C4061D97168365C1DC0	
222	7	Makam Islam Mulyorejo P.D. Kaliwaron	2018-06-14 13:20:00.03	0101000020E6100000603A747ADE315C40CD8DD8DDF20F1DC0	
223	7	Makam Islam Siwalankerto	2018-06-14 13:20:00.25	0101000020E6100000384F2B3BB32E5C40CD1F894D1A591DC0	
224	7	Makam Islam Putat Gede Baru	2018-06-14 13:22:00.1	0101000020E61000003003290C252D5C405CFD33DEB1231DC0	
225	7	Makam Islam RW 7 Pulo Wonokromo	2018-06-14 13:22:00.26	0101000020E6100000E02E675BF22E5C407E969D34C3341DC0	
226	7	Makam Islam Kendangsari	2018-06-14 13:22:00.43	0101000020E6100000087B7F283D305C40F56D77C5424B1DC0	
227	7	Makam Orang Islam Panjang Jiwo	2018-06-14 13:22:00.58	0101000020E61000005008B18EBE305C40806DC493DD3C1DC0	
228	7	Makam Mbah Kharomah	2018-06-14 13:23:00.18	0101000020E61000003094C95F902F5C401ED55526A1591DC0	
229	7	Makam Islam Kedinding Tengah	2018-06-14 13:23:00.35	0101000020E610000038CD4C7AA9315C40C4595BC2EBE41CC0	
230	7	Makam Buyut Pinggir	2018-06-14 13:23:00.52	0101000020E6100000B0CFD556EC325C40263CFC9012061DC0	
231	7	Makam Islam Jemur Wonosari	2018-06-14 13:24:00.19	0101000020E6100000D0DC43C2F72E5C4026AC8DB1134E1DC0	
232	7	Makam Islam RW III Bakung	2018-06-14 13:24:00.34	0101000020E61000006088E64B39315C409C560A815C421DC0	
233	7	Makam Islam Kedung Cowek	2018-06-14 13:25:00.36	0101000020E6100000E0B5847CD0315C4082E673EE76DD1CC0	
234	7	Makam Islam Dukuh Karangan	2018-06-14 13:26:00.05	0101000020E6100000F01483D1F62B5C40940733B78C3D1DC0	
235	7	Makam Banyu Urip Buh Abang	2018-06-14 13:26:00.19	0101000020E61000000005508C2C2E5C4076F9D687F5161DC0	
236	7	Makam Islam Rw I Kutisari	2018-06-14 13:26:00.36	0101000020E610000040BEBD6BD02F5C4019DA006C40541DC0	
237	7	Makam Islam Jojoran	2018-06-14 13:26:00.5	0101000020E6100000408067D62D315C4049AF175465191DC0	
238	7	Makam Islam Kandangan	2018-06-14 13:27:00.07	0101000020E610000010799274CD295C402AC423F1F2041DC0	
239	7	Makam Pucangan	2018-06-14 13:27:00.23	0101000020E6100000A020C20916305C4048D3FB2191211DC0	
240	7	Makam Achli Waris	2018-06-14 13:27:00.38	0101000020E610000090B932A836305C40397CD28904131DC0	
241	7	Makam Islam Medokan Semampir Timur	2018-06-14 13:27:00.55	0101000020E6100000D00D147827335C40CB22032FE9361DC0	
242	7	Makam Botoputih	2018-06-14 13:28:00.11	0101000020E6100000083D9B559F2F5C4026E3625639EE1CC0	
243	7	Makam Islam RW III Wonoayu	2018-06-14 13:28:00.56	0101000020E61000004025E7C41E335C409F5BE84A044A1DC0	
244	7	Makam Islam Kel. Menanggal	2018-06-14 13:29:00.16	0101000020E610000008850838842E5C40CFDA6D179A5B1DC0	
245	7	Makam Islam Bulak Rukem Timur	2018-06-14 13:29:00.34	0101000020E6100000E8A5738FB6315C40F3C473B680F01CC0	
246	7	Makam Islam Tenggilis Mulya	2018-06-14 13:29:00.55	0101000020E6100000B01C210379305C40CFB87020244B1DC0	
247	7	Makam Islam Kendang Sari	2018-06-14 13:30:00.21	0101000020E610000038FDEABBEC2F5C401C6217A0C84E1DC0	
248	7	Makam Islam Dukuh Tengggilis Mejoyo	2018-06-14 13:30:00.47	0101000020E6100000081C0934D8305C40ADA7565F5D451DC0	
249	7	Makam islam Margorejo	2018-06-14 13:31:00.08	0101000020E6100000F035E26E352F5C40D3D2CBDE08411DC0	
250	7	Makam Jurang Kuping	2018-06-14 13:31:00.24	0101000020E61000006041F56ADB265C401A778368ADF81CC0	
251	7	Makam Islam Sememi	2018-06-14 13:31:00.38	0101000020E610000030164D67A7285C403EFFF3EAD2FD1CC0	
252	7	Makam Syekh Umar Badawi Basaiban	2018-06-14 13:33:00.35	0101000020E6100000502745D03D2A5C40337B8FE9BF651DC0	
253	7	Makam Balas Klumprik	2018-06-14 13:33:00.56	0101000020E6100000E8E8A7EE802C5C40CA7A6AF5D5551DC0	
254	7	Makam Islam Bibis Karah	2018-06-14 13:34:00.15	0101000020E6100000309177B3AB2D5C40B18982CFC53D1DC0	
255	7	Makam Islam Khusus Warga Ketintang	2018-06-14 13:34:00.37	0101000020E6100000003B9226B92E5C40DD425722503D1DC0	
256	7	Kompleks Makam Tembaan	2018-06-14 13:34:00.53	0101000020E6100000986835C9342F5C40967F999427FD1CC0	
257	7	Kuburan Islam Bogen	2018-06-14 13:35:00.07	0101000020E6100000986A0B7492305C405A8F0C8343011DC0	
258	7	Makam Gunung Anyar Tengah	2018-06-14 13:35:00.32	0101000020E6100000385E70BCF1315C40EA94A2F0345C1DC0	
259	7	Makam Islam Gebang Lor	2018-06-14 13:35:00.49	0101000020E610000038268BFB8F325C401585025BCA1E1DC0	
260	7	Pemakaman Umum Manukan	2018-06-14 13:36:00.17	0101000020E6100000E03CF779672A5C40BD0D7BEB0D081DC0	
261	7	TPU Rungkut Kidul	2018-06-14 13:36:00.34	0101000020E6100000783705E82D315C40E2CD6449CA571DC0	
262	7	Makam Islam Sikatan	2018-06-14 13:39:00.2	0101000020E61000000E0060C50B2B5C40EBA2FDE8920B1DC0	
263	7	Makam Islam Jetis Kulon	2018-06-14 13:41:00.32	0101000020E61000009042E516CE2E5C40942292DBF0391DC0	
264	7	Makam Islam Sutorejo	2018-06-14 13:43:00.56	0101000020E6100000F871398E96325C408784156378061DC0	
265	6	Universitas Surabaya	2018-06-24 22:00:00.59	0101000020E6100000C88AD0BE28315C40ECEC1AE379471DC0	UBAYA
266	6	Universitas Bhayangkara	2018-06-24 22:01:00.43	0101000020E6100000E838C835CF2E5C408E7B9862B3481DC0	UBHARA
267	6	Universitas 45 Surabaya	2018-06-24 22:02:00.27	0101000020E610000010562AA8282E5C405BC60380192A1DC0	
268	6	Universitas Kartini	2018-06-24 22:03:00.03	0101000020E61000002818CE35CC305C400E22BEB8F9331DC0	
269	6	Universitas Hang Tuah	2018-06-24 22:03:00.48	0101000020E6100000E83DDF60B9325C4004CD4296602C1DC0	UHT
270	6	Universitas Hang Tuah	2018-06-24 22:04:00.34	0101000020E6100000305D88D51F2F5C40885D2569483E1DC0	UHT fakultas kedokteran
271	6	Universitas Teknologi Surabaya	2018-06-24 22:05:00.22	0101000020E6100000503F3CA6492B5C403FA7203F1B111DC0	UTS
272	6	Institut Informatika Indonesia	2018-06-24 22:05:00.53	0101000020E6100000D8A19A92AC2C5C40D72C978DCE191DC0	IKADO
273	6	Sekolah Tinggi Kesenian Wilwatikta	2018-06-24 22:06:00.38	0101000020E610000060CDA6C8C6315C40B7EC10FFB02D1DC0	
274	6	STIE Mahardhika	2018-06-24 22:07:00	0101000020E6100000502ED7EC122F5C40CAE2FE23D3611DC0	
275	6	STIE Urip Sumoharjo	2018-06-24 22:07:00.25	0101000020E610000018670C73822F5C40B958518369181DC0	
276	6	STIBA Satya Widya	2018-06-24 22:07:00.52	0101000020E6100000F0045669E62F5C40F0D93A38D83B1DC0	
277	6	STIE Wilwatikta	2018-06-24 22:08:00.24	0101000020E610000080C4549FD0315C40B2DC2D24BB2D1DC0	
278	6	STIKes Surabaya	2018-06-24 22:08:00.51	0101000020E6100000C010EFEF22325C40469EDACF183C1DC0	
279	6	STIKes William Booth	2018-06-24 22:09:00.14	0101000020E6100000087A0327362F5C40055C46A0B02A1DC0	
280	6	STKIP Al Hikmah	2018-06-24 22:09:00.32	0101000020E6100000886BC6B3152E5C40C66AF3FFAA4B1DC0	
282	6	Akademi Sekretari dan Manajemen	2018-06-24 22:10:00.53	0101000020E6100000B8B71105692C5C40C2A6295D55411DC0	
283	6	Akademi Akupunktur Surabaya	2018-06-24 22:11:00.31	0101000020E610000070E3F49AC32E5C40ED5D280582F51CC0	
284	6	Akademi Sekretari Widya Mandala	2018-06-24 22:11:00.53	0101000020E6100000B007CC43A62F5C402582380F27201DC0	
285	6	Akademi Kebidanan Griya Husada	2018-06-24 22:12:00.26	0101000020E6100000284014CC182D5C400E16A98B6F2B1DC0	
286	6	UIN Sunan Ampel	2018-06-24 22:12:00.53	0101000020E6100000506353F8FD2E5C40271422E0104A1DC0	UINSA
287	6	UPN “Veteran” Jawa Timur	2018-06-24 22:13:00.23	0101000020E6100000B00F689F7D325C40C2B5245179551DC0	
288	6	Institut Teknologi Sepuluh Nopember	2018-06-24 22:13:00.5	0101000020E6100000A06B8198DF325C40AD1ED55526211DC0	ITS
289	6	Institut Teknologi Sepuluh Nopember	2018-06-24 22:14:00.16	0101000020E6100000E087179FDD305C4045E7EBE86E251DC0	ITS Manyar
290	6	Universitas Negeri Surabaya	2018-06-24 22:14:00.5	0101000020E610000010A3C5BE892E5C40F57CCD72D9401DC0	UNESA Ketintang
291	6	Universitas Negeri Surabaya	2018-06-24 22:15:00.43	0101000020E6100000708104C50F2B5C408736B68DF5331DC0	UNESA Lidah
292	6	Politeknik Perkapalan Negeri Surabaya	2018-06-24 22:16:00.14	0101000020E610000080E74AA9F0325C405D52FF6A1F1C1DC0	PPNS
293	6	Politeknik Elektronika Negeri Surabaya	2018-06-24 22:16:00.3	0101000020E6100000D00BB08FCE325C40D0F23CB83B1B1DC0	PENS
294	6	Politeknik NSC Surabaya	2018-06-24 22:17:00.03	0101000020E6100000606534F2792F5C40AA75E272BC121DC0	Kampus 1
295	6	Politeknik NSC Surabaya	2018-06-24 22:17:00.3	0101000020E6100000205E9ECE152B5C40E9E4A0DF52291DC0	Kampus 2
296	6	Politeknik Ubaya	2018-06-24 22:17:00.54	0101000020E610000000E35295B6305C406DAE9AE7882C1DC0	
297	6	Politeknik Surabaya	2018-06-24 22:18:00.24	0101000020E61000001869A9BC1D315C40CBF3E0EEAC0D1DC0	
298	6	Politeknik Sakti Surabaya	2018-06-24 22:18:00.48	0101000020E610000070E3CC65592F5C40B4EC4960734E1DC0	
299	6	Universitas Widya Mandala	2018-06-24 22:20:00.01	0101000020E610000078B7578BF4335C401AA9520EC1141DC0	
300	6	Universitas Muhammadiyyah Surabaya	2018-06-24 22:20:00.42	0101000020E610000070EA3C2A7E325C406C3299E08A0A1DC0	UMS
301	6	University of Yos Soedarso	2018-06-24 22:21:00.3	0101000020E6100000689AB0FD642D5C405FB69DB646241DC0	
302	6	Universitas W.R. Supratman	2018-06-24 22:22:00.21	0101000020E610000080B174F42E325C4024F900930A291DC0	UNIPRA
303	6	Universitas Widya Kartika	2018-06-24 22:22:00.55	0101000020E6100000B02E7FCFD9325C4005604DAFDE0A1DC0	
304	6	Universitas Katolik Darma Cendika	2018-06-24 22:23:00.47	0101000020E6100000386B01EB02325C4063C515BC8D2A1DC0	
305	6	Sekolah Tinggi Ilmu Ekonomi Indonesia	2018-06-24 22:24:00.18	0101000020E6100000F07A0ED10D315C40772AE09EE7271DC0	STIESIA
306	6	STIE Perbanas	2018-06-24 22:24:00.45	0101000020E610000000DFA63FFB305C40D5101C9771331DC0	
307	6	Sekolah Tinggi Ilmu Komunikasi	2018-06-24 22:25:00.11	0101000020E6100000E0E3E02D6B315C40AD11667F453B1DC0	
308	6	Sekolah Tinggi Pariwisata Satya Widya	2018-06-24 22:26:00	0101000020E61000005097C5C4E62F5C4007C90226703B1DC0	
309	6	STIE IEU Surabaya	2018-06-24 22:48:00.16	0101000020E6100000A06ABB09BE2D5C4020B6F468AA271DC0	
310	6	STIE IBMT	2018-06-24 22:48:00.39	0101000020E610000078094E7D202D5C40C98CB7955E1B1DC0	
311	6	Universitas Airlangga	2018-06-24 22:49:00.13	0101000020E61000005063F83E8B305C40B54E5C8E57181DC0	Kampus B
312	6	Universitas Airlangga	2018-06-24 22:49:00.35	0101000020E6100000A82CAF0136325C4007A51E5844131DC0	Kampus C
313	6	Universitas Airlangga	2018-06-24 22:50:00.02	0101000020E610000048393D948D305C40665AACF24E0F1DC0	Kampus A
314	6	STIE Widya Dharma	2018-06-24 22:50:00.24	0101000020E6100000F00BE885BB2E5C4078BC7FE2B63C1DC0	
315	6	STIAMAK Barunawati	2018-06-24 22:51:00.07	0101000020E61000006074C300D32E5C4029E0432EDDE11CC0	
317	6	STKIP Bina Insan Mandiri	2018-06-24 22:52:00.15	0101000020E6100000000AC27089285C40CAFCA36FD2F41CC0	Kampus Benowo
318	6	STIKES Dr. Soetomo	2018-06-24 22:52:00.52	0101000020E610000008AD2C76A0305C40421C9029C4101DC0	
319	6	Akademi Keperawatan Adi Husada	2018-06-24 22:53:00.23	0101000020E610000030186D9F1F305C407F72CA92EFF81CC0	
316	6	STKIP Bina Insan Mandiri	2018-06-24 22:51:00.47	0101000020E61000004D3DC1B4DE2C5C40944BE3175E411DC0	Kampus Wiyung
320	6	Akademi Farmasi Surabaya	2018-06-24 22:54:00.1	0101000020E6100000686AD95A5F2E5C402FAF230ED9401DC0	
321	6	Universitas Kristen Petra	2018-06-24 22:54:00.42	0101000020E610000040E3E4D9402F5C40A5356156835B1DC0	
322	6	Universitas Dr. Soetomo	2018-06-24 22:54:00.59	0101000020E61000002012F758FA305C40B215342DB1321DC0	UNITOMO
323	6	Universitas Narotama	2018-06-24 22:55:00.28	0101000020E6100000E0D9FC64B1315C405318004FFF261DC0	
324	6	Universitas Wijaya Kusuma	2018-06-24 22:56:00.05	0101000020E610000010A029858A2D5C407BF365B334211DC0	
325	6	Universitas Ciputra Surabaya	2018-06-24 22:56:00.26	0101000020E610000048ABA45F6C285C403A268BFB8F241DC0	
326	6	Universitas NU Surabaya	2018-06-24 22:57:00.04	0101000020E61000006040F67AF72E5C409B853DEDF0371DC0	UNUSA kampus A
327	6	Universitas NU Surabaya	2018-06-24 22:57:00.29	0101000020E610000050E658DE552F5C40F9F19716F5491DC0	UNUSA kampus B
328	6	IKIP Widya Darma	2018-06-24 22:58:00.01	0101000020E61000005061399DBF2E5C40013D0D18243D1DC0	
329	6	Institut Bisnis dan Informatika Stikom	2018-06-24 22:58:00.38	0101000020E6100000F8BD970C11325C40055262D7F63E1DC0	
330	6	STIA Panglima Sudirman	2018-06-24 22:59:00.01	0101000020E6100000F02A7CC73A315C40E1EB6B5D6A341DC0	
331	6	STIE Pemuda Surabaya	2018-06-24 22:59:00.26	0101000020E6100000E03B31EBC52F5C40E9633E20D0291DC0	
332	6	STIE Yapan Surabaya	2018-06-24 22:59:00.52	0101000020E6100000503B35971B325C4006E23C9CC0541DC0	
333	6	Sekolah Tinggi Ilmu Kesehatan Hang Tuah	2018-06-24 23:00:00.17	0101000020E6100000B011B00C602F5C405E9A22C0E93D1DC0	
335	6	STIKes Artha Bodhi Iswara	2018-06-24 23:01:00.19	0101000020E610000020A43BE3D6305C40F759C05F27301DC0	
336	6	STIKES Katolik St. Vincentius a Paulo	2018-06-24 23:02:00.18	0101000020E610000018BFF04A122F5C405E7D8681F82A1DC0	
337	6	AKPAR 17 Agustus 1945 Surabaya	2018-06-24 23:07:00.25	0101000020E610000018F71F990E315C406BB75D68AE331DC0	
338	6	Akademi Kuliner Ottimmo	2018-06-24 23:08:00.28	0101000020E6100000382BECB394295C4001231E3F0A2D1DC0	
339	6	Politeknik 17 Agustus 1945 Surabaya	2018-06-24 23:08:00.58	0101000020E610000040EF7CF527315C4001D3B36A21321DC0	
340	6	Universitas 17 Agustus 1945	2018-06-24 23:09:00.31	0101000020E6100000780371C314315C40AC2DE175A2311DC0	UNTAG
341	6	Universitas Merdeka Surabaya	2018-06-24 23:09:00.58	0101000020E610000050B0C6D9F42D5C40F206F3B281471DC0	
342	6	Universitas Wijaya Putra	2018-06-24 23:10:00.45	0101000020E6100000A81611C5E42C5C406F2A52616C411DC0	UWP Kampus Wiyung
343	6	Universitas Wijaya Putra	2018-06-24 23:11:00.17	0101000020E6100000608AABCA3E285C40A33220D676F61CC0	UWP Kampus Benowo
344	6	Universitas Pelita Harapan Surabaya	2018-06-24 23:12:00.29	0101000020E6100000080951BEA02E5C400392B06F27611DC0	UPH
345	6	Institut Teknologi Adhi Tama Surabaya	2018-06-24 23:13:00	0101000020E6100000A044F064DC315C4076E272BC02291DC0	ITATS
346	6	Sekolah Tinggi Teknik Surabaya	2018-06-24 23:13:00.23	0101000020E6100000689082A790305C40AB83BC1E4C2A1DC0	STTS
347	6	Akademi Kuliner Monas	2018-06-24 23:13:00.44	0101000020E6100000089FF7109E305C407D8A77DBE02F1DC0	
\.


--
-- Data for Name: jenis_kriminalitas; Type: TABLE DATA; Schema: public; Owner: crimegis
--

COPY public.jenis_kriminalitas (id, jenis) FROM stdin;
6	curanmor
7	penganiayaan
8	pemerkosaan
\.


--
-- Data for Name: jenis_lokasi; Type: TABLE DATA; Schema: public; Owner: crimegis
--

COPY public.jenis_lokasi (id, jenis) FROM stdin;
1	kantor polisi
3	pasar
4	mall
5	terminal
6	sekolah
7	pemakaman
8	taman
9	minimarket
10	warnet
\.


--
-- Data for Name: jenis_role; Type: TABLE DATA; Schema: public; Owner: crimegis
--

COPY public.jenis_role (id, jenis) FROM stdin;
1	Masyarakat
2	Administrator
3	Super Administrator
\.


--
-- Data for Name: koefisien; Type: TABLE DATA; Schema: public; Owner: crimegis
--

COPY public.koefisien (id, id_jenis_kriminalitas, nilai, waktu_input, id_jenis_lokasi, korelasi) FROM stdin;
3211	8	-0.0006300653131408831	2018-08-06 10:21:00.47	1	-0.307505177860898
3212	8	-0.0030567001512666575	2018-08-06 10:21:00.47	3	-0.411324754472162
3213	8	0.001369849102178826	2018-08-06 10:21:00.47	4	-0.0744943516609694
3214	8	-0.0013097592325440565	2018-08-06 10:21:00.47	5	-1.2261088229478
3215	8	-0.00003678791564262164	2018-08-06 10:21:00.47	6	-0.610483049357098
3216	8	0.0009053491670222919	2018-08-06 10:21:00.47	7	-1.22969511866402
3144	7	0.0001818943877312808	2018-08-03 01:24:00.44	1	0.238178990523434
3145	7	-0.001097889784474165	2018-08-03 01:24:00.44	3	-0.693661903512882
3146	7	0.0007311182423173026	2018-08-03 01:24:00.44	4	-0.135807995484731
3147	7	-0.00020550089557937315	2018-08-03 01:24:00.44	5	0.0680621472346813
3148	7	0.00032710996599805397	2018-08-03 01:24:00.44	6	0.386653128068652
3149	7	-0.00002760221147015033	2018-08-03 01:24:00.44	7	-2.20934483052397
3174	6	0.0015494812588753367	2018-08-06 10:11:00.28	1	-0.215155608786913
3175	6	-0.0014926023746407728	2018-08-06 10:11:00.28	3	-0.215352117075752
3176	6	0.00989600842845618	2018-08-06 10:11:00.28	4	-0.216031378409969
3177	6	-0.0008836482849098955	2018-08-06 10:11:00.28	5	-0.215359417935678
3178	6	0.00329317914346013	2018-08-06 10:11:00.28	6	-0.215384183820064
3179	6	-0.0072624376751079115	2018-08-06 10:11:00.28	7	-0.215337223001866
\.


--
-- Data for Name: konstanta; Type: TABLE DATA; Schema: public; Owner: crimegis
--

COPY public.konstanta (id, id_jenis_kriminalitas, nilai, waktu_input) FROM stdin;
3	7	-1.2563878011230498	2018-07-02 01:00:00.39
2	6	-9.853692934305647	2018-07-02 00:59:00.28
4	8	1.6315800244795617	2018-07-03 01:18:00.05
\.


--
-- Data for Name: laporan_kriminal; Type: TABLE DATA; Schema: public; Owner: crimegis
--

COPY public.laporan_kriminal (id, id_jenis_kriminalitas, id_pelapor, waktu_kejadian, lokasi) FROM stdin;
387	6	17	2017-01-01 06:03:00	0101000020E6100000F86FA829132F5C40F274AE2825DC1CC0
388	6	17	2017-01-03 11:30:00	0101000020E610000078115C9BFC2E5C400C0A83328DE61CC0
389	6	17	2017-01-03 11:30:00	0101000020E610000078115C9BFC2E5C400C0A83328DE61CC0
390	6	17	2017-01-04 13:00:00	0101000020E61000000821C5A54F2E5C405E460C9645EC1CC0
391	6	17	2017-01-01 11:00:00	0101000020E6100000A073B7EB252F5C4053701D88D1181DC0
392	6	17	2017-01-06 14:00:00	0101000020E61000001032A193EF2E5C406A14371378DC1CC0
393	7	17	2017-01-07 11:11:00	0101000020E610000088F4DBD781305C40C8D11C59F9E51CC0
394	6	17	2017-01-09 19:00:00	0101000020E610000030CC8CC8C12E5C40C0A2B6685CEB1CC0
395	6	17	2017-01-11 19:00:00	0101000020E6100000B0B58BC4DF2E5C40577BD80B05DC1CC0
396	6	17	2017-01-11 17:00:00	0101000020E6100000400C63C1332F5C403C3723394FE31CC0
397	6	17	2017-01-14 01:30:00	0101000020E6100000F8394F86F42D5C40E4B4B810F5EC1CC0
398	6	17	2017-01-18 13:54:00	0101000020E6100000B8D51819892E5C4021B8CA1308E31CC0
399	6	17	2017-01-24 08:00:00	0101000020E6100000387C66A4B92E5C407C04487E0EDD1CC0
400	6	17	2017-01-31 11:00:00	0101000020E610000010FA997ADD2E5C40FA75A73B4FEC1CC0
401	6	17	2017-02-15 18:30:00	0101000020E610000010028640092F5C40CD71135A7BCC1CC0
402	6	17	2017-02-07 10:00:00	0101000020E610000068E14625D02E5C406B4F351F7CDD1CC0
403	6	17	2017-02-08 10:00:00	0101000020E6100000101AC1C6F52E5C40501F813FFCEC1CC0
404	6	17	2017-02-08 12:00:00	0101000020E6100000B024E5933A2F5C4021BFD94180E71CC0
405	6	17	2017-02-18 10:00:00	0101000020E6100000101AC1C6F52E5C40501F813FFCEC1CC0
406	6	17	2017-02-08 20:30:00	0101000020E6100000300E3F49CB315C40A3C2D84290DB1CC0
407	6	17	2017-02-09 13:30:00	0101000020E610000070515557742F5C4027FCBE243AC81CC0
408	6	17	2017-02-13 11:00:00	0101000020E6100000B870C56A18315C40A1061DBE96E11CC0
409	6	17	2017-02-13 10:00:00	0101000020E6100000B855FFD6042F5C40AC5B98E02FD11CC0
410	6	17	2017-02-15 17:15:00	0101000020E6100000F02D8AC3BE2E5C400833C8B83DEC1CC0
411	6	17	2017-02-17 12:00:00	0101000020E6100000C8A17E17B62E5C40A4BAB9F8DBEE1CC0
412	6	17	2017-02-17 13:00:00	0101000020E6100000C0C58A1ACC2E5C4056DEE929CDE11CC0
413	6	17	2017-02-03 23:00:00	0101000020E610000078B988EFC42E5C408516C8A29FE71CC0
414	6	17	2017-03-13 20:00:00	0101000020E61000008087365BD42E5C4056DB036333DE1CC0
415	6	17	2017-03-14 22:00:00	0101000020E610000020414C1DBF2E5C40C2C1397E03DE1CC0
416	6	17	2017-03-16 23:00:00	0101000020E6100000A0D15625912A5C40F0AF1EF7ADE61CC0
417	6	12	2017-03-17 20:30:00	0101000020E6100000108E9257E72E5C402CB7B41A12E71CC0
419	6	12	2017-03-27 20:30:00	0101000020E6100000E0085229762E5C4066AF777FBCE71CC0
420	6	12	2017-03-27 21:09:00	0101000020E6100000608209922D2E5C4054C7855EDAD31CC0
421	6	12	2017-03-28 20:19:00	0101000020E610000058ECE52D8D2E5C40F72004E44BE81CC0
423	6	12	2017-04-02 10:10:00	0101000020E6100000D8E7D610C12E5C4085AC133C2ADB1CC0
425	6	12	2017-04-10 10:00:00	0101000020E61000004074417DCB2E5C40AE23FDACE8DD1CC0
426	6	12	2017-04-10 10:30:00	0101000020E610000020060484202F5C40C9B3DCE396D81CC0
427	6	12	2017-04-16 16:30:00	0101000020E6100000304AD05FE82E5C40C93E236CD3EB1CC0
429	6	12	2017-05-02 12:50:00	0101000020E6100000802F74DBF42E5C40441D0C2BCBEE1CC0
430	6	12	2017-05-04 13:00:00	0101000020E61000001053E9279C2E5C4040E3C28190EC1CC0
431	6	12	2017-05-04 23:17:00	0101000020E6100000B09E93DEB72E5C40FAF719170EE41CC0
432	6	12	2017-05-07 06:20:00	0101000020E610000010E6D1E8692E5C4095F0DF17F2EB1CC0
433	6	12	2017-05-13 10:00:00	0101000020E6100000303A20097B2E5C406276604A6EE61CC0
435	6	12	2017-05-30 02:30:00	0101000020E6100000A096694565B75A40C5F9409715F718C0
437	6	12	2017-06-17 12:00:00	0101000020E6100000107651F4C02E5C40320DC347C4DC1CC0
441	6	12	2017-06-18 12:30:00	0101000020E61000006021ACC6122F5C408EBDCDD199D21CC0
442	6	12	2017-07-19 08:50:00	0101000020E6100000E089ED49BB2E5C40D8322ABA3FE81CC0
443	6	12	2017-07-22 15:00:00	0101000020E6100000B80721205F2E5C40BDD6941A90CB1CC0
445	6	12	2017-07-28 12:50:00	0101000020E61000008036397C522E5C400C2B81391FE31CC0
446	6	12	2017-08-02 15:00:00	0101000020E6100000B034F0A31A2F5C4067A510C825DE1CC0
447	6	12	2017-07-17 01:00:00	0101000020E6100000A0C6BDF98D315C40C8C738903FDA1CC0
448	6	12	2017-08-07 13:47:00	0101000020E6100000403602F1BA2E5C408C941C661EE71CC0
449	6	12	2017-08-10 12:45:00	0101000020E6100000884C54CA462F5C40E7305F5E80E51CC0
450	6	12	2017-08-16 12:13:00	0101000020E6100000C0D72148EF2F5C4082B5204A6AEF1CC0
452	6	12	2017-09-04 12:09:00	0101000020E6100000D05FAFB0E02E5C4083C13577F4DF1CC0
453	6	12	2017-09-09 12:55:00	0101000020E6100000904957FA1A2F5C4045B52D6FB3E51CC0
454	6	12	2017-09-09 13:47:00	0101000020E6100000B8CB7EDDE92E5C408A749A6093E01CC0
455	6	12	2017-09-18 14:54:00	0101000020E6100000F0E87FB9162F5C40FF52509B82D61CC0
456	6	12	2017-09-20 10:07:00	0101000020E6100000088E812B0F2F5C4023BB664D87D11CC0
457	6	12	2017-09-26 10:00:00	0101000020E61000000033CE95772E5C40564BDF104FEB1CC0
458	6	12	2017-10-02 15:57:00	0101000020E6100000904C874ECF2E5C400344C18C29E81CC0
459	6	12	2017-10-09 10:30:00	0101000020E6100000C845C6B4802E5C40EC4163810AE21CC0
461	6	12	2017-10-17 19:02:00	0101000020E6100000A0E5F6811A2F5C400CB37515F7E41CC0
462	6	12	2017-10-25 08:35:00	0101000020E61000009025F61ACC2E5C40DF7F1AAD59DD1CC0
463	6	12	2017-10-31 14:45:00	0101000020E610000058350873BB2E5C403F6B6DD04DE91CC0
464	6	12	2017-11-02 11:00:00	0101000020E6100000288705ADF62E5C408524B37A87DB1CC0
465	6	12	2017-11-02 13:25:00	0101000020E610000000BD5FBBEA2E5C40FACE2F4AD0DF1CC0
466	6	12	2017-11-02 15:39:00	0101000020E6100000F0A83121662E5C400C7041B62CE71CC0
467	6	12	2017-11-03 11:30:00	0101000020E6100000D04065FCFB2E5C40718C1A0236D61CC0
468	6	12	2017-11-03 16:57:00	0101000020E610000098C349F5782E5C4001C6E9DACDEA1CC0
470	6	12	2017-11-20 15:26:00	0101000020E6100000981936CAFA2E5C40AD73C23A44DA1CC0
471	6	12	2017-11-20 15:55:00	0101000020E61000006097A8DE1A2F5C401045813E91D71CC0
472	6	12	2017-11-22 08:36:00	0101000020E6100000F8765C9E982E5C4079C8DE9C5BEA1CC0
474	6	12	2017-11-27 14:30:00	0101000020E610000068E723DFDB2E5C40F1CAE48A41EE1CC0
475	6	12	2017-11-27 21:00:00	0101000020E61000000821C5A54F2E5C405E460C9645EC1CC0
476	6	12	2017-12-05 10:00:00	0101000020E6100000407D04FEF02E5C405734D6FECED61CC0
477	6	12	2017-12-18 13:30:00	0101000020E610000080E11236F22E5C40CF5B2B908FE41CC0
478	6	12	2017-12-19 11:20:00	0101000020E610000020667968E92E5C4021D8A7D205DB1CC0
479	6	12	2017-12-23 15:00:00	0101000020E610000038E0980A162F5C40B7D2212697E51CC0
487	7	13	2015-04-19 15:30:00	0101000020E61000004037D9ABB42E5C405338DD0DFDD61CC0
488	7	13	2015-04-14 03:00:00	0101000020E6100000B827486C77305C40C4F17C06D4DB1CC0
489	7	13	2015-05-15 23:00:00	0101000020E6100000BE2EC37FBA305C402FA2ED98BADB1CC0
490	7	13	2017-07-13 11:00:00	0101000020E610000010028640092F5C40CD71135A7BCC1CC0
491	7	13	2015-08-04 09:45:00	0101000020E6100000B80721205F2E5C40BDD6941A90CB1CC0
492	7	13	2015-02-13 02:00:00	0101000020E61000008028E2BE1F2F5C401B7DCC0704DA1CC0
493	7	13	2015-09-13 13:00:00	0101000020E610000040FFF3EA522E5C40726FD97CB7EC1CC0
494	7	13	2015-09-28 17:00:00	0101000020E6100000D0F6216FB92E5C40ED1CCA5015E31CC0
495	7	13	2015-11-11 22:30:00	0101000020E6100000C02581923E2C5C403556E03AFDEA1CC0
534	6	13	2015-01-31 17:00:00	0101000020E6100000C0E556AD712E5C4033A5F5B704E81CC0
536	6	13	2015-02-11 05:00:00	0101000020E6100000885AD3BCE32E5C40F47002D369DD1CC0
538	6	13	2015-02-11 15:45:00	0101000020E6100000F0552B137E2E5C40359B7DD415EA1CC0
545	8	13	2015-08-25 19:00:00	0101000020E6100000B075A911FA305C4094933FCEEADB1CC0
546	8	13	2015-08-03 08:00:00	0101000020E61000007A7E07F5E32F5C40969350FA42181DC0
548	8	13	2015-02-25 14:00:00	0101000020E6100000ADF6B0178A2B5C4069C537143EEB1CC0
549	8	13	2015-02-23 10:00:00	0101000020E61000009BE7887C17335C4077ECB13E2FFE1CC0
550	8	13	2015-02-16 10:00:00	0101000020E61000009BE7887C17335C4077ECB13E2FFE1CC0
\.


--
-- Data for Name: laporan_kriminal_warga; Type: TABLE DATA; Schema: public; Owner: crimegis
--

COPY public.laporan_kriminal_warga (id, id_jenis_kriminalitas, waktu_kejadian, lokasi) FROM stdin;
1	6	2015-04-22 01:00:00	0101000020E6100000A0353FFED22E5C405DF92CCF83CB1CC0
2	7	2015-04-22 01:00:00	0101000020E6100000A0353FFED22E5C405DF92CCF83CB1CC0
3	6	2015-04-22 01:00:00	0101000020E6100000A0353FFED22E5C405DF92CCF83CB1CC0
\.


--
-- Data for Name: spatial_ref_sys; Type: TABLE DATA; Schema: public; Owner: crimegis
--

COPY public.spatial_ref_sys (srid, auth_name, auth_srid, srtext, proj4text) FROM stdin;
\.


--
-- Data for Name: user_account; Type: TABLE DATA; Schema: public; Owner: crimegis
--

COPY public.user_account (id, username, password, nama, role) FROM stdin;
1	mas	$2a$10$7657/fGFkKOi2Od4TeR5OuXfNPQC8cMJfol3S8vHVLWSvbYFzTPNW	Masyarakat	1
5	sudo	$2a$10$HBx011ajKDSuxq4HNbFMC.L3IBgMhNQnxYmTa8rKi70Trmk/e/j8u	Super Administrator	3
19	2103151001	$2a$10$fp00uafENLnGqYjqxRJoieCNdgZqh9zG6jwp2iNj0ZTS.Mmvq4A6G	Fitriani Nurindasari	2
20	2103151002	$2a$10$DmFCwTCSJpijxBkJXulphOhRsMXNLOOZtVD6l92at02/MrDYsYd9K	Destiana Choirun Nisak	2
21	2103151003	$2a$10$2Bs1ZNo0DZE.tL0nIlOL/un2ZCg6PQ5Ax/foqEx.i5pqlOtOy7L7G	Syaiful Ulum	2
22	2103151004	$2a$10$b0WpM4YtiWo.QQaWnp0z5uflyT3JcJQMYkFyczeFqoJABhr0LaD6a	Rahayu Peni Handayani	2
12	2103151005	$2a$10$7lmDnZaDY0lVOmMVnUy13O.fG6moRcHe58vFv6xhjWtKWxeo0w5X2	Rizki Maulidah	2
14	2103151006	$2a$10$hL4lsjeMa5ky8kSZBcvdYeyZHXPSsYlNZ4Jqfjj.MeRmDMR49vzfi	Rosi Ayu Wulandari	2
15	2103151007	$2a$10$6PmLSjhAyOc7OEl0eaqW..soQnKeGzDE0EJOdRNPVETKw6xh3MYK6	Puspa Ayu Anggraini	2
13	2103151008	$2a$10$Mz2KHACay4x3R07b33Eyjeom12trBPQAFr/O2pD89aWjH8RsKQckK	Swandaru Bayu Murti	2
16	2103151009	$2a$10$Rfs9oe2kaqeHykeflc0ZSOd3x2rPN.c/JvktGmt8zY35390h3tPM.	Nadia Resti Permatasari	2
17	2103151010	$2a$10$ULovKOzSTzUxjUGaJYcksusWvN0LZ1jtKf6xT0HZLkLArSt8LSWo2	Bujang Trisna Herlangga	2
23	2103151020	$2a$10$mqvfqWFgq.8OAURZX9XGNuajrT1lOLlqlJmjFZ2pXfoGoj/koGqA.	Albiyan Abdika	2
25	2103151021	$2a$10$dkw0jzyXfxXi0wBf3FROYOmjlLmZSRIAuxLATxLN8L2ElRl24WUFy	Dian Puspitasari Ramadhan	2
24	2103151030	$2a$10$jhbNAz/kuo3YFNiw.u7cw.EpCE7I7uEVmwM0Y67ZXh612lAFh1uGW	Anis Nurul Hanifah	2
31	2103151011	$2a$10$9bIrS0/gCDgL.y1U1sM8tudWIuPBb6LaJ9/cIZ6NO6xfQGM.fzqw6	Angela Marsha Devita	2
32	2103151012	$2a$10$y7p2fCunf70gzm7zRV/B/.ezUqmXguub3Wo20D8EpnTcgW9ZucTVG	Dicky Nur Laili	2
\.


--
-- Data for Name: wilayah_kerja; Type: TABLE DATA; Schema: public; Owner: crimegis
--

COPY public.wilayah_kerja (id, geom, name, description, "timestamp", begin, "end", altitudemode, tessellate, extrude, visibility, draworder, icon) FROM stdin;
1	0106000020E610000001000000010300000001000000A3000000599ED593D62A5C40AACD615085E11CC080E692E8CC2A5C409CCE0B01B2E11CC0D9BB3DEBB92A5C40F671D4DF64E21CC013E7569BB32A5C40A448F54941E31CC011D3667FAA2A5C40A2FBC5B096E31CC0E176742BA62A5C401918A65BB1E31CC0A31CBA23932A5C40A1095CA31CE41CC09B9ECFF5872A5C40A083C17C94E31CC07C6C53837E2A5C40EDEA376837E41CC0CE6764BD7F2A5C40ABC0166D36E51CC02C1DB303802A5C40FA6588F993E61CC0955DB7367B2A5C404FE380C22CE81CC0C6BABB6E722A5C408051C26442E91CC0BA546E715F2A5C405A08128F91E91CC0F4C76B70562A5C40FA5CF48421EA1CC0D6EAD822542A5C40F555B7C966EB1CC0886E3FBA5B2A5C4070A38DFCF1EB1CC03E833B7E672A5C40972E1A66AFED1CC0F8673A69632A5C409102A157EBEE1CC0D5649C626E2A5C402328074A0EF01CC09F5A7172672A5C404EA5F8E83FF11CC0924AECA8522A5C40B1B10DD172F11CC0BD4DD531442A5C40EB94C6D8E9F11CC0BD5432184A2A5C408FFC7ED0D1F21CC097B9F6423D2A5C40F74905AF2EF31CC0C48A97FF362A5C409DA50B4FB6F31CC013A5C7BC2E2A5C403A89ED1871F41CC0F0B886FA2E2A5C40398C2059F0F41CC07D118D303A2A5C40CA862850A4F41CC0F677AB0B552A5C40E8216DEF35F41CC02B14B1AD732A5C40F96953FCD2F41CC078730274942A5C40A62C0949EFF61CC01DA072ADB72A5C405175809EEBF71CC0AF75EFF3E12A5C401679A283A0F61CC035853D55E62A5C40D6C4BE7B8DF61CC0BCE56BF6132B5C409C32104A8DF41CC067B80A8A3A2B5C40B75CF35558F31CC0B3484CC4422B5C40334D3529F2F31CC0DF71CA7B352B5C40A36E75BF0FF61CC0F000FB233D2B5C406C306915FEF71CC05DA6C44A4C2B5C4064757BBEEEF71CC0A3D4FB83602B5C40863715DE5CFA1CC070E5948A6D2B5C4080E1BD32A9FB1CC0F85707B36F2B5C40E1B916B2F5FB1CC04CC38D7D7D2B5C40C18ECEB5A9FD1CC0E200C7A5812B5C40428846C8CFFD1CC0954AC776A12B5C409A38308B56FF1CC069E6F070A22B5C4040E87DD48CFF1CC0FE79676BA42B5C4063DE7A2DD5FF1CC0D3307239AC2B5C409F59BDE904011DC074412926AD2B5C409613676F4B011DC03BF1F28BCB2B5C405DE8DB99E0021DC0C52D04E8E52B5C40E63CB6314E021DC0F5EA32E8E72B5C4048A95CD04E021DC07F0245EAED2B5C40D2D7732D50021DC072F4E428122C5C40C07E3E4013031DC0452DE571382C5C40A21903F95A041DC0A0B98453392C5C406C5019E42E041DC07B611EE13A2C5C406A439C7076031DC0705ABE133C2C5C40BA4182EAFC021DC07B5ED5FF3C2C5C40EA2061E0C2021DC06C7043A53D2C5C40336C88D481021DC05F7FD5BA3A2C5C408450E3A85C021DC0BDE2BCF0382C5C40147DE37B0F021DC0B22F33633C2C5C40BA16F1C55E001DC096B122CF3E2C5C40F8C44884EEFE1CC0424D04C93F2C5C405427C9FAC6FE1CC09E726A5C432C5C4015A66B4239FE1CC00319A1C8432C5C401B62FD8524FE1CC0E7CAA579472C5C40B997BCA2DEFD1CC0DAABE554542C5C4009108B81ECFC1CC0FD0D9D665E2C5C400A4A6AE29FFC1CC0235B8E05612C5C40AE68D3DC8BFC1CC0F2AD409C742C5C40B8089F70DFFC1CC00BB86EA4762C5C40E37B01CA11FD1CC0287DF1CE772C5C40A38FC20B30FD1CC06660690A7F2C5C40C93CE586BEFE1CC07446B4D67E2C5C406AF3985BDFFE1CC0F3B7B9127E2C5C4076B1371322FF1CC0B3DBCD537F2C5C405D018C9B64FF1CC043DC1684832C5C40BA39603A47001DC0C92F9D70872C5C40C7779A7D15011DC08D7B19459A2C5C40E0E48964FA001DC03E658E8CB42C5C4042C90F9278FF1CC07880D4C2BC2C5C40AEE9731B44FF1CC06BF700E1C02C5C40E90AA1B620FF1CC0B540FDF0C22C5C40DAEE59FC0EFF1CC0D7739B6FD62C5C400E8CB25F6EFF1CC03185D46BD62C5C405317A57A80FF1CC0412AE7F1CC2C5C40F2CE19553B011DC031EA7DE1DE2C5C40359B070A47021DC072E4BBC4E02C5C4064EB2009AF021DC0E500C838EA2C5C40BF3B6A8527041DC0803D612FEB2C5C40F923A19B38041DC08619861E032D5C40DB10F3A78B051DC06635FCED322D5C40DC66DF36B0041DC0936B23EA332D5C401E4B0776B0041DC011D1BA9F592D5C40E9D78A0DBE031DC08F8C96A9602D5C40FD0177EDAE031DC0DDCD269B892D5C40E6898DAB97031DC045BB2651C72D5C407DFBC034F8041DC0A0727381C62D5C40A614B65186031DC01B63D9F1C42D5C40C19001CD52031DC0CDC90D3EC52D5C4076FB4751CF001DC05603488ED02D5C40AD87B1F069FE1CC09C59BCBFD12D5C40E4DE1EC557FE1CC0C12B2855D82D5C40B65B83F74AFC1CC0AB0C17D3D82D5C405FD13AAB11FC1CC08A361049CD2D5C401EBDEDEF75F91CC0289A56AAAC2D5C40F935E53E68F81CC0926F1161A72D5C4039C9F69B52F81CC06306630F832D5C405FA4CD0FE3F71CC007AE5AC1782D5C40DE1CE008ACF61CC00F8E96E5682D5C40510902375CF41CC09CD341396A2D5C403A808AB12AF41CC0BBEBE9AE6A2D5C406C99BA1BE8F31CC07F1629876F2D5C40CAFBAD99DBF21CC0B53708C46F2D5C40FE63CC9EB9F21CC0A473EAEC5D2D5C40F47296130AF21CC0DEC84716482D5C401DCFA6BD33F11CC022B384FE592D5C40CD11FB6C6DEF1CC089EB62425C2D5C4026A094254AEF1CC07942D79F732D5C402A2857ACABED1CC0F8EB606F662D5C407AA2760233EC1CC0B5F52056642D5C401FA3AA8432EC1CC09907574D502D5C408F74C1B483EB1CC0A41A758B352D5C40D12CAD9AD4E91CC07B6A5F312C2D5C402A3B714475E81CC0F697F0622C2D5C4076D3E29763E81CC06D5F3D3B322D5C40BAAC8F1DFEE61CC0A7F5AFD4322D5C409E869FB5C7E61CC04A5D580F312D5C4034EAA572F9E41CC07C831B43312D5C403D9DB3B8E6E41CC0705BC474252D5C40E2E1F96709E31CC02323971C152D5C407D0131E369E21CC062D5FB4F122D5C4082B1709155E21CC0EB7264C8F32C5C40E4F71FF8AFE11CC05069DE47CF2C5C40C61DEFD969E21CC013A426BBC12C5C40807709864CE31CC054B1B034B02C5C401563469320E31CC05E0DC57EAD2C5C405FCCA7C6F8E21CC03D42A085AA2C5C4025D9C1FAF7E21CC0BC1187CA8F2C5C40FC77E1D19DE31CC0FABFCF2F822C5C40FF563CA332E41CC07AD0F5E46C2C5C402752B562C4E41CC02F94253DC72B5C404AEEC4E350E51CC04637670FA42B5C407DD3DD1B6DE51CC083442169922B5C40402777B518E41CC0BDA43182922B5C40464100E105E41CC07A4A8AFC822B5C4093F4786536E21CC0A560EF15812B5C40ABE4807622E21CC025455299662B5C405C5EB8C3A5E01CC044A28497652B5C4006D6017FA5E01CC016E403BA512B5C4044C41AD28CE11CC0DD2D6EE74E2B5C40C2CE6EE49BE21CC0FC9E33FD5B2B5C40334DD70C85E31CC0ADA654F7542B5C40181A954CD6E41CC0990DA2B03B2B5C406E4B81EFBCE41CC05B6C8EBD392B5C4002D8A27BBCE41CC0A960B92C222B5C40F5AA90C3B0E31CC0FFA65AC00F2B5C40ED721681B9E21CC084041021F82A5C40B5DAAB5ADFE11CC0599ED593D62A5C40AACD615085E11CC0	Kecamatan Asemrowo	\N	\N	\N	\N	\N	1	0	-1	\N	\N
2	0106000020E61000000100000001030000000100000082000000C4CEA6AA322D5C406CAFC12AE3E61CC06232715D2C2D5C4051902EA372E81CC04EB4AEB2352D5C4017487763D3E91CC0B52B2A11402D5C4066CFCFF17CEA1CC052C2EE0A482D5C40E029FD01FEEA1CC01FFD634C502D5C40C961102A84EB1CC0372236EF562D5C40490F8E9DBCEB1CC08C532B9A5C2D5C404757760EEFEB1CC056145C54642D5C40EE48F85E33EC1CC04918D05D662D5C408FCC9D1333EC1CC0643BD858682D5C40E83A23B669EC1CC0119119276C2D5C4042A77D4DD9EC1CC0270AFD15702D5C40FB099E5A44ED1CC0505856A1732D5C4071E51221ACED1CC0BCFA9B446F2D5C40B5676CC0F7ED1CC05C627A5A662D5C40D6038C2C97EE1CC02318AE2D5E2D5C4095C402CA28EF1CC0BC0247375A2D5C40CD7E8F3569EF1CC0B9B160EE532D5C4090BF077D06F01CC0B11B9FF14C2D5C407525C162B5F01CC0A5DB9536482D5C40B1F8EF2134F11CC04A786B6D572D5C4047AE0062CCF11CC0174B3B41672D5C40553A156066F21CC0E4705CDD6F2D5C40B3C738C8BAF21CC0E4308B8D6F2D5C404FDFBDE6D5F21CC09DBF3AEF6C2D5C40EE548CB569F31CC0FC163C766A2D5C40F71543ABF1F31CC0F3D52E426A2D5C40985585CF27F41CC03C96D1D6682D5C40CC1E53545DF41CC05104C2F8702D5C408D71971E88F51CC02BF4EF79792D5C4033B7A6F5C8F61CC0C1638D45832D5C40BF787D42E7F71CC066E3794AA52D5C40298185BC4AF81CC02CECCFDAAE2D5C40E0B1163A74F81CC0D158AAC4BF2D5C408E9F151E0DF91CC050617658CD2D5C40CE55A71674F91CC0BD016BBACF2D5C408DA6812004FA1CC06C6BBA3ED42D5C40C41BEFE402FB1CC0ED6E09DAD82D5C409B833A2B0BFC1CC068E17DC4D52D5C4064F7785D17FD1CC076340D00E32D5C4012934DCB64FD1CC0C9DAFE33FA2D5C400AD97EE26AFD1CC00D46933A152E5C40774EC21FAEFC1CC05CA246A71B2E5C4096ADABEA60FB1CC07809486D2C2E5C40FF2A09CC96F81CC003BF4D7E2C2E5C401E0EF3955AF81CC04C179F341F2E5C40991D73F2D5F61CC0217CCD37212E5C40FDEA398FB4F31CC0079B80723E2E5C40E15DD713ECF21CC0B1E01F14462E5C40BF6FAC4CC4F21CC00D090E1F6C2E5C400F4134317AF21CC0AF1BA69C6E2E5C40B55B19A08FF21CC0CEFB7AC0862E5C409F0F306F9DF41CC0B8F4BA3B892E5C40CA80FA86DCF61CC044F0B720A32E5C403B99E9AF2EF91CC0FD19235AD32E5C404987367990F91CC0FC024A49F62E5C40F3CEDA5EC2F91CC0C280DEF1322F5C403232CDCAACFA1CC08FB634FC692F5C40E20E971CEDFA1CC0A5E85DB4902F5C408A04F0A6B2FA1CC07020123F8C2F5C4089D941B2C4F91CC0549AD8F07E2F5C4031F847743EF91CC07AD74BEF582F5C406DE33918CEF81CC0C5379B23432F5C40FFCE380977F61CC079CCD7CA3C2F5C40C3C10379B1F31CC0BC905F643E2F5C408EB5ED8192EF1CC0D08473F73A2F5C40389EA68C38ED1CC062C5C768202F5C40C8F560FBD8EB1CC0F7F581EE0B2F5C4091068928EFEC1CC0A90E4F65FC2E5C40FB43B47C55EE1CC098C7509ADE2E5C4026B13CF89DEE1CC0BB34A700C22E5C40519F94DE49EF1CC0C60494609E2E5C403FABD06250EE1CC0FA9B23F8A92E5C400661F096CDEB1CC0AAA1734EC62E5C40CE354C1C5FE81CC0BDB9C7C2D92E5C40DD14DC740EE51CC0F50747C9D92E5C40E853C56DFAE41CC0880AAA5BCF2E5C40DA874E1F85E21CC0C9AB079CAB2E5C404D1820DF12E01CC021B328558C2E5C408826B78841DE1CC081BFD55B662E5C40806E29CD17DC1CC067DDAF1D422E5C404AC31564BEDA1CC06A4280432C2E5C40D73BA8D9C9D91CC03AC880891B2E5C405FE61F76A6D71CC0BB052E5A0E2E5C40FD0FF73F69D51CC0FDDAC7D8F72D5C40D7A2399039D51CC068215FFFE92D5C4022882442EED51CC00250427FD82D5C40F8ABE216E9D51CC02E467F3DC82D5C407D92FBE39BD41CC0FAAC7366BF2D5C40F4CDBF740FD31CC017CD62A9B22D5C40874B81B32AD11CC076EFCB0EA72D5C40BA6D4CE055CF1CC065C5E772972D5C40C00E449F4FCD1CC0ACED6B1D852D5C4091A635A583CB1CC0858F7E4B682D5C40E9B2DDE0DDC91CC0DB67B53C492D5C40287D608B99C91CC092757A312F2D5C40993DA2DB50C91CC07DDB27B00C2D5C404E824DE638C81CC0BA1AF825ED2C5C40F88E3016EBC71CC068EFC5C7E12C5C40A055F4956DC81CC0632CCF32E62C5C4051BDFED320C91CC05D8FF55A042D5C40637B35C559C91CC0A5AD0D67332D5C40D4715288EDC91CC0758A300E622D5C402385A9188DCA1CC09D772340742D5C40E7DE72E427CB1CC031CB2980812D5C40DBD5C59EB2CC1CC023AFB4F99C2D5C400F1474B93CD01CC03445E7A6A82D5C406161F8668CD21CC004FB6CBEC52D5C4008B8123E35D61CC0CF032C32D22D5C40A63B2E4192D71CC0882B6A24D22D5C40667EFA9738D91CC07A0729ECCC2D5C4038F0F1B1E5DA1CC0A1F03296C82D5C4058C43C8EECDB1CC0464ABAD5AF2D5C4053D362BB21DD1CC0EFA1F8CEA02D5C40549BBBD3F6DD1CC0396077568D2D5C40672D60425BDE1CC0E35C4F927B2D5C409905F842DEDE1CC00686169F792D5C4080DF0F3CFBDF1CC0AD317F58812D5C4078D60E3F4EE11CC0507FACF47B2D5C4083A9400A93E21CC0A0A5F98B752D5C40A16831CC8DE21CC014A34C4A652D5C405F35018305E31CC081D553AA5D2D5C40A96BF71A06E41CC08146BB165B2D5C40CFE6FFC095E41CC031CD3736562D5C404933E6C2DDE41CC0194A6EFB502D5C4009CABE69D3E41CC0E051B173452D5C40AEA227D090E41CC0A30B732A3B2D5C40ACC50268A8E41CC0260B8E4D312D5C40FFACC37FE5E41CC0C4CEA6AA322D5C406CAFC12AE3E61CC0	Kecamatan Krembangan	\N	\N	\N	\N	\N	1	0	-1	\N	\N
3	0106000020E61000000100000001030000000100000053000000C1BDE3BD902F5C40C22F58E3B2FA1CC067658EBB902F5C402647590353FB1CC0D21620D7892F5C402A991BB5E3FC1CC0EF0D2C40892F5C40AFBAB01A51FE1CC063C42381A52F5C4089BFA0DEA2FE1CC0878E7AB2BB2F5C405CAEC4F30AFF1CC0197557DDCD2F5C409B9763F32EFE1CC0FEDC4183D62F5C408321301005FD1CC0106D60A4D42F5C406BC77F3C7AFB1CC0BFCE69C2D12F5C405050AF1AF5F91CC0AA2E2655D32F5C40FFE858BAECF81CC087D3ACC7C12F5C40AA042CFB93F71CC0B8395803C02F5C4027008A6991F71CC019C27041B82F5C40D7D9B24FFFF51CC0A628A0BFAA2F5C40EF72B7FD7CF41CC083E101C39F2F5C403836CF050FF31CC04FACF4768C2F5C408B4376E3DFF01CC0CFF65C487D2F5C4079C68F3EAFEF1CC0EDEA1B086C2F5C405E2A3C03AAEE1CC0A4350B836B2F5C40724DC48A77EA1CC0A45D493A6A2F5C402EFCBB9705E71CC0F2CEEBB9422F5C408531A8E321E61CC059067A213D2F5C40F13EC2CFDBDF1CC047C5AC2C3D2F5C40634BBF1B72DC1CC0DD8B8A472D2F5C40A9A2389068D51CC0DF7A377C252F5C406419467EE5D21CC0DDA2BB591D2F5C4035E5249B59CF1CC01337FAE61C2F5C402E013FF6F9CD1CC070EE10C40E2F5C406660ECD37FCB1CC09F6B98840C2F5C401737A61DF7C91CC037523904022F5C40B4B66022E0C81CC0C0095852E12E5C40661B28FCF3C81CC0C9AC7F8BBD2E5C406B16BD8465C91CC01F11ABDE942E5C40944B62FDBDC91CC095C59368732E5C40207CF1FF4ACA1CC054ACEEAC502E5C403C8B51A9A7CA1CC0D2B7D876572E5C401EC3C40E5ACC1CC0AADDFC99882E5C402482E90417CC1CC0BC86D7D3B02E5C406F929C2F88CB1CC08FDC65DDCD2E5C40A7DB317106CB1CC06CEF44D5D82E5C400A092D6818CE1CC0FE46A154E12E5C4062061DCA15D11CC0EEC07BA5EA2E5C40FCA18F26ACD31CC05070194DB12E5C403E12814C1AD41CC05BE4EC42B62E5C400A8BB75495D51CC0AF6C1D1F9E2E5C4030716F38C3D51CC0AB8A43C6732E5C4063EE4A7C46CF1CC0E8BD47C85E2E5C40FF92EF772CD01CC0BBAA683A852E5C4051EDCD5CEFD51CC04B3876C2702E5C40CC2D622C31D61CC0E4E9F954172E5C40E8262A76A0CA1CC0C6A297E7E52D5C40AAAC22808DCC1CC0CFED08201D2E5C4057CCAA0208D41CC0D7DC82CB3C2E5C403385C683E0D71CC040DFA7E1332E5C40081FA2FA3ED81CC0B35F7FAB232E5C402ABDA89EB8D81CC09BAFA3E7282E5C404452C04253D91CC02422E1122C2E5C400A71B02BCDD91CC0BC2996C5362E5C40DFC43C8B3BDA1CC0D68234DC412E5C407385FCBCBDDA1CC02FDD3A935A2E5C40980F97E69EDB1CC01751E200642E5C40942349B5FFDB1CC0A715AF25892E5C407E6FE22408DE1CC0574DB19CAA2E5C40344BF9CD05E01CC05609DDDCCF2E5C408BE4E6227FE21CC050DA2449DA2E5C4019F162B70FE51CC0225750EFC62E5C40125FE0E13AE81CC01A2578D2B42E5C40E4871A6F95EA1CC05690FD8BAA2E5C409214212ECCEB1CC0492681B19E2E5C40E6DC78614EEE1CC046C41967C12E5C40F098505850EF1CC000BABAC5DB2E5C40A048E9C7B0EE1CC00E1FE7C6FB2E5C408D9198885BEE1CC093010FDF0A2F5C40BE479E70FEEC1CC0D36FFF4B202F5C40BB3603B6D3EB1CC0CC6D72573A2F5C4065A99DEE3DED1CC08E3F2B063F2F5C4080B1E4B7D7EF1CC0352947413D2F5C40E10F30EDB4F31CC06A818058432F5C409591D10E83F61CC0A3A9FE7D592F5C40ED4654C0D0F81CC033B2FD217E2F5C402551A7D036F91CC040D496F48B2F5C40C50BDEF7BBF91CC0C1BDE3BD902F5C40C22F58E3B2FA1CC0	Kecamatan Pabean Cantikan	\N	\N	\N	\N	\N	1	0	-1	\N	\N
4	0106000020E610000001000000010300000001000000F6000000B6739B8D0E2F5C4080F9D0147CCB1CC0C1CC0FFF1C2F5C40C3C333D205CE1CC0BF2C69A31D2F5C401B913F4D80CF1CC0E974472C202F5C404E8D1642B1D01CC031B75CFC252F5C402677064421D31CC026C2FAAC2D2F5C4023D8CBF68ED51CC088C16476352F5C40C8AEEEC0F3D81CC00C49557D3D2F5C40714C17006EDC1CC0B61252FA3C2F5C408655381A5BDD1CC0FA7A766E3D2F5C409B1E2F08FADF1CC05FB2F8893F2F5C4098EA26F7E0E21CC03CF3FFA9422F5C401D58432C1CE61CC0C54705A3522F5C40BE1155CD78E61CC06A2FFE4E6A2F5C40EA0E9ADA0DE71CC0E28C3F606B2F5C40429BF21948E91CC0ECAA75F96B2F5C40B2B6A25217EC1CC0D23DAA026C2F5C40CECAFDFCABEE1CC025B4FEDC7C2F5C408E3B1C41ACEF1CC0DA303415812F5C40E50C1266F7EF1CC06BD2C068872F5C4084DFE89079EF1CC0F5479143BD2F5C40E5260E2C40EB1CC011598E12E12F5C402F6A1D3C5EEE1CC04104AC9700305C402A1E1F7F66EE1CC0A655FE4420305C40E8EACE0AC4EF1CC0CB4B1ACA4A305C40191C4DD064F01CC009B0EB6A7A305C406AE13E3FE0EF1CC05FBD811A80305C40D295181474EE1CC00382DF387F305C407A7DCCE90DEB1CC0776B4F2695305C40E001D0BE89E91CC0D44E5B498E305C408675904027E81CC031C4C5538D305C40F893A44965E51CC06DADEBBE9D305C406B5AF3F061E21CC0F1D74392A7305C40B0D5A93270DE1CC00990496EB5305C4022836C20D1D81CC0BC73F656BC305C40E5F2776BDDD51CC07ABDE5B7AB305C4093B36ED9A7D41CC0AC7606278B305C4090E1136771D41CC02D9613C778305C40A22A45648DD31CC059535EFD7D305C40F43FBD09FAD01CC06051624182305C400221AAD678CE1CC02F80A82A83305C4084EC9B4781CC1CC089ADCB5473305C402ED0F5F834CB1CC021BE667E55305C4055B51CC57FCC1CC0368AD5654A305C40F15DA5F770CD1CC02395C76E35305C40DAEF7E4E69CD1CC0595C278F03305C4033090F2272CD1CC0EBEB297001305C402CF5A8A875CD1CC086C4E514EE2F5C40B8C6A497BCCD1CC00AA4D47ADC2F5C40C368F69930CE1CC0875357F6C42F5C4012FE2D1E66CE1CC06A0FA41EBB2F5C4095F7FBD3A1CD1CC021B2E9D7BA2F5C40DE81486872CC1CC049791479B92F5C40E209B192E1CA1CC0DB4B0D65B52F5C40DD1A15B4ACC91CC03786C984B12F5C404E279744ACC81CC0D29C9802E42F5C4054EC4CED5AC81CC0B2625ACDE22F5C40B83BC4A87FC71CC0A20826DDD92F5C400E93C6AED7C61CC0BAC4138EC72F5C40FBA9134D13C71CC0F40108E0BC2F5C40AB5DCB5A24C71CC01DB5AE33B32F5C407E06CBD53DC71CC0B7C9DFFAAD2F5C408B1D9D4550C71CC03A2826EDA72F5C405BA5AEEE5FC71CC06D29B715A62F5C4013A8E024BAC61CC06506FB729B2F5C40146C89BDC7C61CC06BE4BCC59C2F5C408558F402FFC61CC04D640447A22F5C403F8499740EC71CC08BCF5AFAA32F5C405596868F6CC71CC09C4AF058942F5C40FCBBCAEC92C71CC09F496387932F5C401CC2137530C71CC01F614B5E7B2F5C4000F1295A70C71CC059228530632F5C40C30EAB3D90C71CC01CC617CD532F5C40AA2436E4D0C71CC098EF363C502F5C40EEA5780984C81CC046BF1312522F5C409E14710F38C91CC0D66706B8572F5C4016C861E0B9C91CC065005AEB572F5C406E3C7BA0B9C91CC0F78D73E6672F5C40031D6E2685C91CC08A9C52B3682F5C406457672884C91CC0D78ADA506B2F5C40A2190C0FA4C91CC0A2050844772F5C402CFBD1F995C91CC0B5549D357A2F5C40B1C8DBA861C91CC0F5423F3C7B2F5C40A88393E0E9C81CC064BCAAD0932F5C40F952BA798BC81CC04E648756952F5C40470DC58725C91CC02ECDB398842F5C40890E12F153C91CC094524780852F5C40721B74E8BAC91CC0CE7A7F6D972F5C403A5FB24A9AC91CC0802CF828992F5C405D2A8B6599CA1CC075729C2E8B2F5C40B6866EBFC6CA1CC0393540AD892F5C40A4EE94B9DECA1CC05B655CA38A2F5C406668988CF2CA1CC0CFD3F2508B2F5C400007C34A00CB1CC03E0E728F8A2F5C40E0937E2F11CB1CC0F0EFC8CE8A2F5C40FAE078C02ECB1CC0BDDC80B0992F5C401B8FA85503CB1CC01F88FE0E9B2F5C408C9C86025ECB1CC0AF56F818972F5C4003AF7B9547CB1CC02C9B62BC942F5C40DEE6A26A7CCB1CC01D05C48C962F5C402795BA7BBECB1CC03D3033DC9B2F5C405A7F984DAFCB1CC05A1B7D669E2F5C40614D30D2F8CB1CC0FD191D1A9B2F5C40A481912DF8CB1CC09FA08F57952F5C40BAD2843E0CCC1CC01B76C327952F5C404CB393B257CC1CC0E172E1E1982F5C40984D078D4ACC1CC0A6DAB97B9F2F5C40BB0502245DCC1CC064BB93AC9F2F5C409E2FAA409ACC1CC0D2D528D49B2F5C403B1D90987BCC1CC05145DD1B9A2F5C4094E5BA8DC7CC1CC0BBBD92479D2F5C4021DB6B4500CD1CC02A198AC5A12F5C4080D4ADD144CD1CC072A0B340A62F5C404CD9A0B5ECCE1CC07969D2E1A12F5C40133FBA93FACE1CC0FE380E309F2F5C40C390737220CE1CC0E82C7A12992F5C40F76E86D84ACE1CC05F5162539A2F5C408C64FFC807CF1CC06252DCDD952F5C40BD8C35D200CF1CC07D87D0DA932F5C40BCD6160921CE1CC00E376B4A8F2F5C40CF4C1A651ECE1CC0CD6E032E7C2F5C405850A08056CE1CC0138A8FCD792F5C405C79F9AACFCE1CC02E2785397D2F5C406770076E73CF1CC0AAE3A9E1772F5C407230D1FC7BCF1CC0C877B884732F5C40CD5C1F3C7ACF1CC0836B980C6C2F5C40A3D5EF8F99CF1CC0B7252FAB6A2F5C4048904B624ECF1CC00ACD2BEF702F5C408C2DF0DD37CF1CC02C553DA9702F5C404B99923F26CF1CC01AB7C41A702F5C409CBDC0C9EFCE1CC0ADABF811702F5C40DCD2EF6CECCE1CC0B77239D66F2F5C40CE149909C3CE1CC0D4FDB2DE682F5C401E9273B7DBCE1CC059013B58682F5C409E7A5A1BC9CE1CC0D627AD17712F5C4037858A27A5CE1CC0B336DEC0702F5C40639108558DCE1CC0C837D9316E2F5C40AB4B514994CE1CC0E7EC5AE2672F5C403352697CACCE1CC00DF2F204672F5C40602D8EFF81CE1CC0DB470454712F5C40B18E905D5FCE1CC0833BB742712F5C4099D8D13149CE1CC08D0AAE276A2F5C40462FAD9857CE1CC0898A5FC1662F5C400159F4AB66CE1CC0FE063841672F5C40BA32E4102DCE1CC0F9D4437A692F5C40A6A9299021CE1CC07492668D6B2F5C40AB50B34D2ECE1CC0C9BE1C54792F5C40EE8E8909CACD1CC0BE2C15327C2F5C40CA4AFD1DB4CD1CC06F0D162E7A2F5C40EF39CDE180CD1CC056F48DA4772F5C404D30E26296CD1CC008C542C1752F5C40C3EF4214A8CD1CC06BD133AF732F5C40807180D5B4CD1CC0EF6C62AD702F5C40183CB4DAC6CD1CC0705424946E2F5C40910F3864D9CD1CC001C140346C2F5C40975C70EDE7CD1CC03F53E6DE6A2F5C4023F1D458F1CD1CC05F61F5036A2F5C4074A8E4C9E9CD1CC0784C2C646A2F5C4073856853D7CD1CC00C7CE58D6A2F5C4012A03F93D5CD1CC09921F8236C2F5C4083BC8C96C8CD1CC06138417B6C2F5C40AEF1BD8CC6CD1CC05E0087406F2F5C4051804D17B9CD1CC0F45DDEAF6F2F5C408E057F26B7CD1CC0B3802AF46F2F5C40C89EFCE4B6CD1CC0C29EA933722F5C408342ADFDA9CD1CC0EDC3B975722F5C40E2F58C27A8CD1CC098E676CC722F5C40583EB1A6A4CD1CC03AED712A762F5C40205A306289CD1CC079F080CA762F5C40D6DC7AC888CD1CC068A2920D772F5C403F9920EB86CD1CC0FDB25CC17A2F5C4091E1307967CD1CC0CC558DD87A2F5C40D57E8E5367CD1CC0A6B128177C2F5C406EBBEA6256CD1CC0B7DE59C47B2F5C40A25DC3443ACD1CC0C4D47F6E7A2F5C40D159C4E027CD1CC08012397C782F5C409152EA172BCD1CC03648464E752F5C40656B40113CCD1CC04FD944E8712F5C40B2B306CC53CD1CC09833032C6F2F5C40CC89940468CD1CC0B86A09756C2F5C4005671B7C7ACD1CC0EC7A75236A2F5C40CB919F968CCD1CC075A28954692F5C40A78AC2D982CD1CC0914CDC1B6B2F5C407CC59E8871CD1CC053AE195B6B2F5C404DEA0DE96DCD1CC0E0890FFF6E2F5C40DB43B5AA4CCD1CC09E42CE6C6F2F5C40EF2FB81B47CD1CC07FFCE4B06F2F5C409DF3D31145CD1CC08365ED26732F5C40144B365E25CD1CC06244FB81732F5C4032BA317C21CD1CC05C9C6EC7732F5C4088EDE4661FCD1CC0AD7D5BF2762F5C409DDC4B4201CD1CC0FC34CA44762F5C40D14E17CDE4CC1CC04885D098742F5C40BAD2D3D7C3CC1CC06E501B59732F5C40B4B45C57D9CC1CC008CBDB0F6F2F5C40A5060A57FDCC1CC0FAE77CBC6C2F5C4074CF1F2F0BCD1CC010B5A1B5672F5C40D4B2177840CD1CC07E54D9E5642F5C409AF0600257CD1CC06C1559DC632F5C40E2430B78F6CC1CC0272D8F9B732F5C40D1C60192A2CC1CC0D4F1ABE2722F5C40975346CF61CC1CC0988D904D712F5C4049148C3CF2CB1CC00ACE795D6D2F5C409A76C90D04CC1CC0F811C5036D2F5C40667B29E9CECB1CC0B5B200BC6C2F5C40EA30BDBA7ACB1CC0A7DB14456A2F5C40CF14922817CB1CC0146D64C8602F5C40CC57A16140CB1CC0AA9032A3562F5C40F06855614ACB1CC02941DD514B2F5C40CB5E85DF79CB1CC0817EF8314C2F5C404D72DA5A1ACC1CC0C653D6F9502F5C406EF34BD934CD1CC0EC380964522F5C408133B72766CE1CC08F64D8BD552F5C4015554D7CD8CF1CC055FD5EEC502F5C4028106E6BFDCF1CC012D932F34F2F5C40DAB8D6115BD01CC082361B9E4C2F5C4018A197C185D01CC032318550482F5C4023459F994CD01CC09C92E51C412F5C40E09F027840D01CC02773F389412F5C402FDD15FA36D01CC08509FAA6402F5C40C3613C53CDCF1CC07161B4C2382F5C4026C3C675E3CF1CC0B05B0488362F5C40AB25241A52CF1CC0FF45A6E5342F5C40C366DC7674CE1CC00A469730382F5C40655684F06ECE1CC0F8F271273D2F5C40F3655A3C6BCE1CC04DF85C07492F5C40852692FD30CE1CC0F9C99B6A472F5C405691D82326CD1CC0E86E1C97452F5C403728DBD704CC1CC0F728BB8B452F5C40C20EBCCBF3CB1CC0614B84893F2F5C40488BFDE0BBCA1CC066E20B7E3F2F5C403E87F771ADCA1CC0D95F87723F2F5C4030C72CF49ECA1CC063E7B7C23B2F5C40F7B64881A7C91CC00FDDEFFE382F5C40A0002B06F8C81CC0F6733EDF342F5C4032FD4E3318C91CC05BB30DB3352F5C40D4AE880A59C91CC081F9F9E6322F5C4098B1D4D07AC91CC002E6AD38322F5C407D6E6A06FBC81CC020CF85272E2F5C40E2A845686DC81CC0CB8547A7292F5C402EC995F172C81CC0E94120C71D2F5C40B6C05C7A8BC81CC09063F5DE162F5C40BA486423B5C81CC0C80CCDB5152F5C406C3F037331C91CC03722BED30F2F5C408E5E1C4AA0C91CC050E17A960C2F5C409B4B36B50BCA1CC0B6739B8D0E2F5C4080F9D0147CCB1CC0	Kecamatan Semampir	\N	\N	\N	\N	\N	1	0	-1	\N	\N
5	0106000020E6100000010000000103000000010000004600000063E6893983305C40B3EFA35886CC1CC08EB5E65A82305C40E9C24F8E83CD1CC0A6E8E1AA82305C40005BBB246FCE1CC0D851343F80305C40DD536263A4CF1CC039F0975F7D305C405585433A49D11CC0BA8FE20679305C40F5035AD88BD31CC0F032546C8B305C40E40FC10273D41CC002D11BB2AB305C40C3FC525AA5D41CC04A0BCA79BC305C408E3B4031DED51CC03CB3B383B7305C4012E1AFCBF2D71CC0A8284924AE305C40B890CDDFC6DB1CC09D8E77B6A6305C40A2E5E8FDCBDE1CC03C3D99B7A0305C409ED16B7A29E11CC01014AFF89D305C409641B71B5AE21CC07EE94CF99B305C40B823AC08B9E21CC0BC0DB7D593305C4022CC89052CE41CC04FAECF598D305C40E5FD256169E51CC032CDCAC08D305C409DAECB8A78E61CC0B65832548E305C40223562C228E81CC058E2B61395305C40CFAB6A498DE91CC0F5B04EB58B305C402B05F00633EA1CC02FC4B9457F305C40B1BAFF940CEB1CC05F8CA8787F305C40C212C542B7EB1CC08B4C792180305C40649898C86EEE1CC0E335D83A7A305C405757683AE1EF1CC01DC75CA5A4305C4065E4BD5037F01CC088B512DFF1305C40C64841D6FFF01CC06E86BC4F1F315C4027D4311416F21CC0B7426A1151315C4029D89C9A0CF21CC0B9368E396A315C4030B2BB3F13F11CC0D73105CF88315C405A3204D0ECEC1CC01B4F004796315C407CD921E66EEA1CC05308EDEAB3315C40EEF0D3395DE91CC0D2B27E09D2315C4002EAE818A5E71CC0A085F0BAD3315C4012570E9535E51CC05E94BCA3B8315C4006535A1A27E31CC013F35149BA315C40D518273604E11CC0E03EE4ECC5315C403AEEA1B33BDE1CC0A55CF2B6D2315C40CD69F20D4BDA1CC048E370CFD3315C40C74F1B8420DA1CC00715644DD5315C405E1D8999FFD91CC09940162BD6315C4014730059E6D91CC004421BA6D4315C40E23742A459D81CC0FFFC7AF9D3315C403E84B3613CD81CC0BF96E58CD1315C40B92AAE2618D61CC011B54607CB315C40B3B6955A6ED51CC066020377BE315C40F5A3F29AF2D51CC074033A82B5315C40093C4B678FD61CC03015C11CAF315C40C6BC972E5CD61CC07481784FA6315C40C0737048AFD51CC0834F6A2498315C404521E5E4A0D51CC030AF473B9A315C40B98324C0A4D51CC096DC8A608E315C408642E557BCD31CC0F0AE95E586315C400854A2C8EFD01CC0F0E9233C6A315C40B0190D9FA2CE1CC029CF63C143315C4073951F17E1CC1CC0D484D8F241315C408B5309B3CCCC1CC01C0F24C834315C40D8AA20A5D5CB1CC00121494113315C405520694A9CCB1CC03221BAA606315C40EBA32F96F5CA1CC09D9BAECBF8305C40019684D04BCA1CC0D9FD1688F7305C4082B0F77638CA1CC0F81FD013E0305C40FA358C169EC91CC055580D4ADE305C40E36E5BB389C91CC0B1E9F88EC0305C401730E2A987C91CC0DFF361049A305C40F4EF2A8B01CA1CC0EC57E2787F305C40D8EB915774CA1CC0C27E377E7F305C405D845D7072CA1CC00E4B7F3373305C40E593901F36CB1CC063E6893983305C40B3EFA35886CC1CC0	Kecamatan Kenjeran	\N	\N	\N	\N	\N	1	0	-1	\N	\N
6	0106000020E61000000100000001030000000100000057000000FD80C17DD0315C40C5FBA18DFBD51CC00E41BEC0D1315C402EE9246B23D61CC0C53B4FD6D3315C4064C6B9F32CD81CC0EC3E48BCD4315C4037836E376AD81CC02A0B7554D6315C407C0672FFE4D91CC084F6EF6CD3315C40F0067E6E2DDA1CC0FABCF7A6D2315C408DC2FD5349DA1CC08824EB48C6315C40104D56602ADE1CC022A6AB37BA315C40050329B105E11CC08ADDFAB1B8315C40CC51BFD326E31CC08151A7CFD3315C40D46761ED3FE51CC09D6CD91ED2315C403CE211EEA1E71CC015B0565AB3315C40C63C0FC365E91CC082EE1A5596315C40A4B5AEFB6FEA1CC0857B3D3B88315C402418A4B204ED1CC0370F5E367D315C40D6DA947E7FEE1CC09AF65C306A315C400660CCD412F11CC0F53B77A35E315C40A269713C85F11CC0E676700B63315C40E819B6ED02F21CC0779DD59A75315C40034740A9DDF21CC0310963BC91315C408D5ADF62E9F21CC0406CC3C7AB315C406509297679F21CC0BE5F0ABAC3315C40BBD4CE7B1DF01CC0479A0DEDDC315C401EA4CE3242EF1CC003398E60F2315C40E5F2FFF8ABEF1CC082BC771E13325C407375C01A69F11CC0E4AF6EC029325C40095CAAA724F31CC0FF0372B42F325C4052CCC6CEDFF51CC0C8BD6EF424325C407F0B4743AFF71CC01989A0F029325C4055CDA2530FFA1CC0B5510E8E42325C403A64F26F90FC1CC0BBAB2E0E3E325C407978842F30FE1CC0CA0F5EB432325C404FCA15680BFF1CC0C684C52042325C40B1ABC3E8A7FF1CC0AE8568DB5E325C40D13D1BCEF1FF1CC062846C5181325C40DE9083F986011DC0AEF3626F9E325C40ADF6DF2E70021DC0AFFF350DE2325C409373B09561031DC0FF24D56E0E335C40ADFECA4D47041DC02881033B48335C40B959F00477051DC05CEFD2CA7A335C408F8C53FB7D061DC00119337197335C40DC6D66CFAA081DC0B1A73518BB335C4039955A9018081DC0FFD0B41511345C403B0C529F8B071DC019671E83F8335C40E55F8428AE061DC05CC26625DA335C406F2CD8C642051DC0C0A258CCB6335C4001093EA760031DC0459096F89B335C40F766EB1F79021DC0E1F7F68F81335C406A5E823E5F031DC0ED9158846A335C40C83C5FCE52021DC033CE01AB52335C4052868EEF1CFF1CC00FD493A742335C403187FDFF3AFE1CC05E42889C29335C409B2624AF98FC1CC04E1EC2B722335C404C219F9374F91CC0DCB20B2F11335C4011F07E14BFF71CC048D9C24500335C40A851D0BA07F61CC0CBBF294DE5325C40D499D24709F41CC0F70DFB27E1325C4071DC9BC296F21CC08E4E6357E2325C40E29CC2DC35F11CC0202AF98ECE325C40F64E2C1891EE1CC091DD4E20BD325C4098A65CF60AED1CC02D8E6F64AF325C40EF2C831888EB1CC0F46F5CCCA2325C401E9373365AE91CC0D6796ADB8D325C40524E27F74DE81CC014EBAC137C325C40712EC2C152E71CC08571A8CA75325C403835EAC882E51CC09A4FC51070325C4062B2186E90E31CC0A29B16CD66325C40DC8BD93691E11CC08548E51F65325C409B45240B93E01CC0D81C4ADC46325C40EE2399D883DF1CC03282D0FD3F325C4041739046B4DE1CC089D1ED093B325C40BD9EC90D67DE1CC054ABBBAA2F325C40C6DD8E4DE5DB1CC0B8A7451428325C40062BE54490DB1CC06FB72B6715325C40B2A8297766DA1CC0F273EC610E325C40D154263ADED91CC05D0BFC9D0D325C40B99C18F370D81CC0DA9CF5ED0C325C40ED8F08C56BD81CC0AE68E19908325C40EA0CDE52BFD71CC0C2302DA5F1315C402DCDF8C8F7D61CC02C0F98C3EF315C40196655619ED61CC060FE118FF0315C40C8A302B408D61CC0DA2D15A2EA315C408855C94EBBD51CC0F7829BEADB315C40686BDD5673D51CC0B6CF7BBED3315C406F63B88760D51CC0D58E402CCB315C405A2B710C6FD51CC0FD80C17DD0315C40C5FBA18DFBD51CC0	Kecamatan Bulak	\N	\N	\N	\N	\N	1	0	-1	\N	\N
\.


--
-- Name: error_id_seq; Type: SEQUENCE SET; Schema: public; Owner: crimegis
--

SELECT pg_catalog.setval('public.error_id_seq', 3, true);


--
-- Name: features_id_seq; Type: SEQUENCE SET; Schema: public; Owner: crimegis
--

SELECT pg_catalog.setval('public.features_id_seq', 347, true);


--
-- Name: jenis_kriminalitas_id_seq; Type: SEQUENCE SET; Schema: public; Owner: crimegis
--

SELECT pg_catalog.setval('public.jenis_kriminalitas_id_seq', 8, true);


--
-- Name: jenis_lokasi_id_seq; Type: SEQUENCE SET; Schema: public; Owner: crimegis
--

SELECT pg_catalog.setval('public.jenis_lokasi_id_seq', 12, true);


--
-- Name: jenis_role_id_seq; Type: SEQUENCE SET; Schema: public; Owner: crimegis
--

SELECT pg_catalog.setval('public.jenis_role_id_seq', 3, true);


--
-- Name: koefisien_id_seq; Type: SEQUENCE SET; Schema: public; Owner: crimegis
--

SELECT pg_catalog.setval('public.koefisien_id_seq', 3216, true);


--
-- Name: konstanta_id_seq; Type: SEQUENCE SET; Schema: public; Owner: crimegis
--

SELECT pg_catalog.setval('public.konstanta_id_seq', 4, true);


--
-- Name: laporan_kriminal_id_seq; Type: SEQUENCE SET; Schema: public; Owner: crimegis
--

SELECT pg_catalog.setval('public.laporan_kriminal_id_seq', 550, true);


--
-- Name: laporan_kriminal_warga_id_seq; Type: SEQUENCE SET; Schema: public; Owner: crimegis
--

SELECT pg_catalog.setval('public.laporan_kriminal_warga_id_seq', 3, true);


--
-- Name: user_account_id_seq; Type: SEQUENCE SET; Schema: public; Owner: crimegis
--

SELECT pg_catalog.setval('public.user_account_id_seq', 32, true);


--
-- Name: wilayah_kerja_id_seq; Type: SEQUENCE SET; Schema: public; Owner: crimegis
--

SELECT pg_catalog.setval('public.wilayah_kerja_id_seq', 6, true);


--
-- Name: features features_pkey; Type: CONSTRAINT; Schema: public; Owner: crimegis
--

ALTER TABLE ONLY public.features
    ADD CONSTRAINT features_pkey PRIMARY KEY (id);


--
-- Name: jenis_kriminalitas jenis_kriminalitas_pkey; Type: CONSTRAINT; Schema: public; Owner: crimegis
--

ALTER TABLE ONLY public.jenis_kriminalitas
    ADD CONSTRAINT jenis_kriminalitas_pkey PRIMARY KEY (id);


--
-- Name: jenis_lokasi jenis_lokasi_pkey; Type: CONSTRAINT; Schema: public; Owner: crimegis
--

ALTER TABLE ONLY public.jenis_lokasi
    ADD CONSTRAINT jenis_lokasi_pkey PRIMARY KEY (id);


--
-- Name: jenis_role jenis_role_pkey; Type: CONSTRAINT; Schema: public; Owner: crimegis
--

ALTER TABLE ONLY public.jenis_role
    ADD CONSTRAINT jenis_role_pkey PRIMARY KEY (id);


--
-- Name: koefisien koefisien_pkey; Type: CONSTRAINT; Schema: public; Owner: crimegis
--

ALTER TABLE ONLY public.koefisien
    ADD CONSTRAINT koefisien_pkey PRIMARY KEY (id);


--
-- Name: laporan_kriminal laporan_kriminal_pkey; Type: CONSTRAINT; Schema: public; Owner: crimegis
--

ALTER TABLE ONLY public.laporan_kriminal
    ADD CONSTRAINT laporan_kriminal_pkey PRIMARY KEY (id);


--
-- Name: laporan_kriminal_warga laporan_kriminal_warga_pkey; Type: CONSTRAINT; Schema: public; Owner: crimegis
--

ALTER TABLE ONLY public.laporan_kriminal_warga
    ADD CONSTRAINT laporan_kriminal_warga_pkey PRIMARY KEY (id);


--
-- Name: user_account user_account_pkey; Type: CONSTRAINT; Schema: public; Owner: crimegis
--

ALTER TABLE ONLY public.user_account
    ADD CONSTRAINT user_account_pkey PRIMARY KEY (id);


--
-- Name: user_account username_unique; Type: CONSTRAINT; Schema: public; Owner: crimegis
--

ALTER TABLE ONLY public.user_account
    ADD CONSTRAINT username_unique UNIQUE (username);


--
-- Name: wilayah_kerja wilayah_kerja_pkey; Type: CONSTRAINT; Schema: public; Owner: crimegis
--

ALTER TABLE ONLY public.wilayah_kerja
    ADD CONSTRAINT wilayah_kerja_pkey PRIMARY KEY (id);


--
-- Name: sidx_wilayah_kerja_geom; Type: INDEX; Schema: public; Owner: crimegis
--

CREATE INDEX sidx_wilayah_kerja_geom ON public.wilayah_kerja USING gist (geom);


--
-- Name: error error_id_jenis_kriminalitas_fkey; Type: FK CONSTRAINT; Schema: public; Owner: crimegis
--

ALTER TABLE ONLY public.error
    ADD CONSTRAINT error_id_jenis_kriminalitas_fkey FOREIGN KEY (id_jenis_kriminalitas) REFERENCES public.jenis_kriminalitas(id);


--
-- Name: features features_id_jenis_lokasi_fkey; Type: FK CONSTRAINT; Schema: public; Owner: crimegis
--

ALTER TABLE ONLY public.features
    ADD CONSTRAINT features_id_jenis_lokasi_fkey FOREIGN KEY (id_jenis_lokasi) REFERENCES public.jenis_lokasi(id) ON DELETE CASCADE;


--
-- Name: laporan_kriminal jenisk_fk; Type: FK CONSTRAINT; Schema: public; Owner: crimegis
--

ALTER TABLE ONLY public.laporan_kriminal
    ADD CONSTRAINT jenisk_fk FOREIGN KEY (id_jenis_kriminalitas) REFERENCES public.jenis_kriminalitas(id) ON DELETE CASCADE;


--
-- Name: koefisien koefisien_id_jenis_kriminalitas_fkey; Type: FK CONSTRAINT; Schema: public; Owner: crimegis
--

ALTER TABLE ONLY public.koefisien
    ADD CONSTRAINT koefisien_id_jenis_kriminalitas_fkey FOREIGN KEY (id_jenis_kriminalitas) REFERENCES public.jenis_kriminalitas(id) ON DELETE CASCADE;


--
-- Name: koefisien koefisien_id_jenis_lokasi_fkey; Type: FK CONSTRAINT; Schema: public; Owner: crimegis
--

ALTER TABLE ONLY public.koefisien
    ADD CONSTRAINT koefisien_id_jenis_lokasi_fkey FOREIGN KEY (id_jenis_lokasi) REFERENCES public.jenis_lokasi(id) ON DELETE CASCADE;


--
-- Name: konstanta konstanta_id_jenis_kriminalitas_fkey; Type: FK CONSTRAINT; Schema: public; Owner: crimegis
--

ALTER TABLE ONLY public.konstanta
    ADD CONSTRAINT konstanta_id_jenis_kriminalitas_fkey FOREIGN KEY (id_jenis_kriminalitas) REFERENCES public.jenis_kriminalitas(id) ON DELETE CASCADE;


--
-- Name: laporan_kriminal_warga laporan_kriminal_warga_id_jenis_kriminalitas_fkey; Type: FK CONSTRAINT; Schema: public; Owner: crimegis
--

ALTER TABLE ONLY public.laporan_kriminal_warga
    ADD CONSTRAINT laporan_kriminal_warga_id_jenis_kriminalitas_fkey FOREIGN KEY (id_jenis_kriminalitas) REFERENCES public.jenis_kriminalitas(id) ON DELETE CASCADE;


--
-- Name: laporan_kriminal pelapor_fk; Type: FK CONSTRAINT; Schema: public; Owner: crimegis
--

ALTER TABLE ONLY public.laporan_kriminal
    ADD CONSTRAINT pelapor_fk FOREIGN KEY (id_pelapor) REFERENCES public.user_account(id) ON DELETE CASCADE;


--
-- Name: user_account role_fk; Type: FK CONSTRAINT; Schema: public; Owner: crimegis
--

ALTER TABLE ONLY public.user_account
    ADD CONSTRAINT role_fk FOREIGN KEY (role) REFERENCES public.jenis_role(id) ON DELETE CASCADE;


--
-- PostgreSQL database dump complete
--

